Heroe,Rol,Meta_Ranking,tRank,Win_Rate,Pick_Rate,Ban_Rate,beginPhase,midPhase,endPhase,output,killNum,moneyPerMin,suffer,assist,towerNum,towerDamage,fecha,semana_anio
Daji,Mage,1,S,51.79%,2.18%,4.11%,40.91%,50.02%,50.95%,"88,706",4.66,743,"14,085",6.44,0.27,2.1,2026-04-23,17
Milady,Mage,2,S,50.30%,1.63%,4.90%,51.23%,46.37%,46.57%,"86,146",3.02,"1,251","12,421",6.02,1.6,17.16,2026-04-23,17
Angela,Mage,3,S,50.94%,2.28%,2.63%,41.28%,48.18%,51.34%,"86,329",4.85,826,"17,912",5.78,0.38,3.15,2026-04-23,17
Augran,Fighter,4,S,46.90%,1.07%,5.01%,42.74%,44.40%,46.71%,"82,725",6.66,"1,362","20,934",3.88,0.6,5.0,2026-04-23,17
Liang,Mage,5,S,51.19%,0.79%,5.13%,50.41%,51.43%,50.89%,"62,747",2.53,973,"17,827",10.16,0.28,2.18,2026-04-23,17
Hou Yi,Marksman,6,S,50.26%,2.98%,0.24%,48.06%,49.07%,51.88%,"90,665",4.62,858,"15,473",6.44,1.23,10.78,2026-04-23,17
Ao'yin,Marksman,7,S,48.21%,1.40%,3.18%,53.41%,49.75%,50.15%,"94,806",4.84,"1,022","21,538",5.93,1.15,9.73,2026-04-23,17
Haya,Mage,8,S,49.71%,1.10%,3.14%,55.48%,53.18%,49.71%,"82,896",5.19,"1,055","20,525",5.41,0.32,2.73,2026-04-23,17
Lady Sun,Marksman,9,S,48.35%,2.44%,0.20%,47.93%,46.31%,47.65%,"94,391",5.16,"1,110","18,058",5.4,1.36,12.5,2026-04-23,17
Li Xin,Fighter,10,S,53.07%,1.77%,1.34%,45.39%,45.90%,47.62%,"69,372",3.57,"1,399","20,501",3.39,1.7,14.53,2026-04-23,17
Kongming,Mage,11,S,49.20%,2.05%,0.29%,50.23%,50.55%,47.84%,"97,445",5.84,"1,430","19,009",5.49,0.27,2.22,2026-04-23,17
Cai Yan,Support,12,A,50.63%,1.25%,1.84%,48.30%,48.46%,46.13%,"29,066",0.73,132,"33,231",11.66,0.29,2.4,2026-04-23,17
Xiao Qiao,Mage,13,A,48.94%,2.01%,0.17%,49.93%,48.59%,48.94%,"91,591",4.2,726,"15,090",6.69,0.28,2.33,2026-04-23,17
Wang Zhaojun,Mage,14,A,50.27%,1.87%,0.42%,49.65%,48.96%,48.43%,"77,814",3.17,448,"19,265",9.04,0.36,2.75,2026-04-23,17
Donghuang,Support/Tank,15,A,48.37%,0.75%,2.56%,43.36%,47.51%,48.09%,"66,435",2.94,734,"27,529",9.35,0.28,2.11,2026-04-23,17
Mozi,Mage/Fighter,16,A,49.88%,1.37%,1.29%,49.70%,47.81%,50.13%,"62,714",1.99,818,"24,940",10.36,0.39,3.16,2026-04-23,17
Dolia,Support,17,A,45.84%,1.76%,0.47%,45.12%,46.60%,47.26%,"43,444",1.03,199,"32,046",12.36,0.25,2.06,2026-04-23,17
Marco Polo,Marksman,18,A,49.17%,1.72%,0.32%,43.10%,47.96%,46.74%,"95,232",5.77,"1,333","19,021",5.53,1.03,8.12,2026-04-23,17
Chicha,Fighter,19,A,50.31%,1.60%,0.51%,53.64%,52.68%,51.01%,"78,311",5.07,"1,373","20,396",4.58,0.91,7.86,2026-04-23,17
Luara,Marksman,20,A,53.58%,1.67%,0.19%,45.36%,52.47%,52.42%,"101,607",5.61,947,"15,932",5.91,1.3,11.66,2026-04-23,17
Yaria,Support,21,A,48.22%,1.08%,1.27%,52.57%,53.48%,48.38%,"36,536",1.22,322,"19,500",11.92,0.13,1.02,2026-04-23,17
Arthur,Fighter/Tank,22,A,52.13%,1.61%,0.16%,48.87%,51.11%,48.14%,"74,890",4.11,"1,102","30,631",6.34,0.58,4.97,2026-04-23,17
Dyadia,Support/Mage,23,A,48.78%,1.15%,1.06%,53.66%,50.69%,49.21%,"43,438",1.84,234,"21,756",11.42,0.22,1.84,2026-04-23,17
Erin,Marksman,24,A,51.52%,1.59%,0.17%,52.94%,50.63%,45.68%,"105,383",5.69,"1,128","18,152",5.75,1.29,11.5,2026-04-23,17
Consort Yu,Marksman,25,A,52.33%,1.57%,0.18%,47.67%,49.98%,51.92%,"97,683",5.15,963,"17,060",5.77,1.35,11.88,2026-04-23,17
Wukong,Assassin,26,A,50.46%,1.50%,0.28%,44.59%,49.59%,51.82%,"70,023",6.1,"1,505","20,117",4.19,0.62,5.52,2026-04-23,17
Garo,Marksman,27,A,53.97%,1.48%,0.30%,47.58%,51.48%,51.57%,"103,463",5.76,845,"16,294",6.15,1.26,11.29,2026-04-23,17
Luban No.7,Marksman,28,A,50.78%,1.54%,0.14%,45.97%,47.04%,52.47%,"103,751",4.78,740,"15,038",6.6,1.26,11.53,2026-04-23,17
Kaizer,Fighter/Tank,29,A,50.85%,1.51%,0.14%,43.42%,47.11%,49.53%,"73,264",4.76,"1,355","21,380",4.84,0.71,5.98,2026-04-23,17
Lu Bu,Fighter/Tank,30,A,47.46%,1.45%,0.14%,40.29%,45.66%,48.21%,"74,809",3.92,"1,154","22,440",5.95,0.53,3.98,2026-04-23,17
Lam,Assassin/Fighter,31,A,48.98%,1.17%,0.54%,40.93%,49.25%,49.97%,"71,304",6.34,"1,503","19,111",4.34,0.46,3.95,2026-04-23,17
Nuwa,Mage,32,A,52.63%,1.10%,0.51%,53.74%,52.85%,53.52%,"94,223",3.68,654,"16,763",8.03,0.24,1.83,2026-04-23,17
Dun,Tank/Fighter,33,A,51.32%,1.23%,0.23%,44.17%,46.76%,47.13%,"70,026",3.2,"1,114","33,571",6.73,0.53,4.21,2026-04-23,17
Mi Yue,Mage/Fighter,34,B,49.89%,0.83%,0.91%,52.10%,47.52%,49.90%,"74,321",4.03,"1,313","20,945",4.18,1.14,9.36,2026-04-23,17
Biron,Fighter/Tank,35,B,48.89%,1.18%,0.10%,50.75%,49.67%,49.08%,"68,695",2.87,999,"30,044",5.8,0.64,5.31,2026-04-23,17
Musashi,Fighter/Assassin,36,B,51.31%,1.11%,0.21%,41.86%,49.57%,53.39%,"64,817",5.43,"1,427","19,668",5.08,0.48,4.42,2026-04-23,17
Arli,Marksman,37,B,46.43%,0.99%,0.43%,48.98%,49.53%,49.70%,"85,785",5.12,"1,486","17,795",4.91,1.05,9.01,2026-04-23,17
Lady Zhen,Mage,38,B,51.64%,1.12%,0.09%,47.58%,49.07%,47.66%,"97,042",3.08,575,"16,824",8.28,0.26,2.0,2026-04-23,17
Flowborn (Marksman),Marksman,39,B,52.15%,1.10%,0.06%,56.11%,53.08%,53.67%,"102,861",4.73,930,"18,785",5.67,1.4,12.88,2026-04-23,17
Arke,Assassin,40,B,51.96%,0.67%,0.91%,42.81%,50.21%,54.22%,"66,071",6.39,"1,379","19,681",4.57,0.45,3.97,2026-04-23,17
Kui,Support/Mage,41,B,49.94%,0.92%,0.36%,49.63%,50.66%,48.82%,"49,857",2.62,422,"24,118",11.74,0.15,0.99,2026-04-23,17
Da Qiao,Support/Mage,42,B,48.16%,0.85%,0.45%,51.92%,47.95%,51.62%,"68,213",1.7,464,"27,948",11.71,0.29,2.2,2026-04-23,17
Zhuangzi,Support/Tank,43,B,49.14%,0.59%,0.87%,40.79%,48.97%,49.54%,"51,176",1.56,845,"36,898",11.05,0.19,1.4,2026-04-23,17
Fang,Marksman,44,B,51.40%,0.98%,0.04%,51.46%,47.80%,46.60%,"88,368",5.54,"1,457","16,445",6.43,1.16,10.16,2026-04-23,17
Dian Wei,Fighter,45,B,51.65%,0.87%,0.25%,42.89%,47.74%,47.23%,"77,309",5.77,"1,442","19,536",4.81,0.71,6.32,2026-04-23,17
Liu Shan,Support/Tank,46,B,49.06%,0.90%,0.19%,43.11%,46.47%,50.48%,"44,228",1.93,591,"30,623",9.03,1.23,11.74,2026-04-23,17
Heino,Mage/Fighter,47,B,47.71%,0.90%,0.18%,47.98%,44.75%,46.66%,"103,555",2.77,"1,049","35,805",6.28,0.47,3.75,2026-04-23,17
Sun Ce,Fighter/Tank,48,B,49.55%,0.95%,0.03%,45.81%,49.93%,47.88%,"67,111",4.65,"1,260","17,972",7.92,0.51,4.03,2026-04-23,17
Alessio,Marksman,49,B,51.72%,0.94%,0.04%,51.21%,48.62%,51.98%,"104,602",4.96,944,"16,782",6.23,1.37,12.78,2026-04-23,17
Han Xin,Assassin,50,B,53.23%,0.81%,0.25%,54.43%,51.59%,53.10%,"68,703",5.17,"1,645","21,957",4.63,1.13,9.98,2026-04-23,17
Ying,Fighter/Assassin,51,B,52.89%,0.88%,0.10%,53.48%,51.47%,48.72%,"79,699",5.21,"1,415","19,867",5.99,0.62,5.4,2026-04-23,17
Diaochan,Mage,52,B,47.43%,0.89%,0.10%,46.34%,49.62%,52.90%,"90,003",4.35,"1,135","19,396",5.4,0.3,2.42,2026-04-23,17
Garuda,Mage,53,B,51.19%,0.91%,0.04%,48.74%,51.26%,51.96%,"96,359",3.92,"1,001","20,224",6.62,0.55,4.95,2026-04-23,17
Ziya,Mage,54,B,51.15%,0.87%,0.11%,46.30%,46.96%,50.50%,"93,218",3.11,701,"16,658",8.17,0.34,3.31,2026-04-23,17
Lian Po,Tank,55,B,50.96%,0.88%,0.09%,45.10%,50.28%,53.82%,"59,520",1.94,743,"34,704",9.68,0.45,3.43,2026-04-23,17
Changgong,Assassin,56,B,50.09%,0.54%,0.74%,44.36%,49.93%,50.70%,"66,853",6.3,"1,269","15,624",5.73,0.33,2.76,2026-04-23,17
Zhang Fei,Support/Tank,57,B,49.46%,0.79%,0.20%,52.65%,50.58%,51.12%,"37,828",1.48,711,"41,865",10.81,0.22,1.65,2026-04-23,17
Huang Zhong,Marksman,58,B,50.84%,0.86%,0.03%,47.46%,47.77%,48.61%,"100,976",4.86,"1,079","17,566",5.85,1.26,11.9,2026-04-23,17
Mai Shiranui,Assassin/Mage,59,B,47.95%,0.78%,0.17%,57.44%,50.91%,48.95%,"79,481",4.22,"1,262","17,848",6.15,0.27,2.26,2026-04-23,17
Yango,Assassin,60,B,48.87%,0.66%,0.40%,51.40%,49.62%,51.96%,"78,828",3.84,"1,157","17,435",5.85,0.64,5.17,2026-04-23,17
Shouyue,Marksman/Assassin,61,B,51.11%,0.81%,0.09%,46.03%,51.33%,53.56%,"102,042",4.41,922,"17,651",6.5,1.12,9.57,2026-04-23,17
Di Renjie,Marksman,62,B,51.41%,0.84%,0.02%,48.64%,50.95%,48.82%,"96,829",4.44,959,"19,444",6.56,1.4,12.87,2026-04-23,17
Xiang Yu,Tank/Fighter,63,B,50.75%,0.77%,0.04%,45.05%,47.92%,49.72%,"73,600",3.56,979,"21,694",6.64,0.54,4.21,2026-04-23,17
Dr Bian,Mage,64,B,51.04%,0.72%,0.12%,51.67%,49.76%,52.35%,"77,909",3.14,"1,029","23,574",9.0,0.37,3.15,2026-04-23,17
Yixing,Mage,65,B,51.67%,0.73%,0.04%,47.25%,49.43%,49.64%,"81,723",3.37,827,"22,382",9.97,0.38,3.1,2026-04-23,17
Flowborn (Tank),Tank/Fighter,66,B,49.23%,0.70%,0.08%,46.44%,47.87%,48.19%,"74,155",3.33,"1,091","30,003",5.47,0.65,5.32,2026-04-23,17
Chano,Marksman,67,B,50.61%,0.70%,0.07%,52.70%,53.84%,51.20%,"95,801",5.0,"1,175","16,687",5.78,1.2,11.03,2026-04-23,17
Luna,Fighter/Mage,68,C,48.53%,0.52%,0.38%,54.52%,50.61%,48.88%,"77,742",4.91,"1,557","25,152",5.27,0.49,4.5,2026-04-23,17
Flowborn (Mage),Mage,69,C,51.42%,0.65%,0.07%,50.45%,51.94%,49.48%,"95,727",4.41,921,"15,803",6.79,0.36,2.87,2026-04-23,17
Ata,Tank,70,C,53.81%,0.65%,0.04%,54.65%,53.46%,48.89%,"74,228",3.5,"1,163","44,165",6.24,0.55,4.4,2026-04-23,17
Li Bai,Assassin,71,C,51.99%,0.60%,0.15%,47.63%,49.37%,49.83%,"83,507",4.91,"1,459","18,532",5.34,0.55,4.73,2026-04-23,17
Shi,Mage,72,C,49.93%,0.56%,0.23%,54.50%,50.32%,47.34%,"81,503",2.88,485,"18,152",8.92,0.24,1.93,2026-04-23,17
Charlotte,Fighter,73,C,48.11%,0.60%,0.05%,53.45%,49.55%,49.52%,"78,273",4.02,"1,217","20,674",5.02,0.56,4.59,2026-04-23,17
Umbrosa,Fighter,74,C,50.40%,0.58%,0.05%,55.46%,51.26%,48.51%,"84,685",4.02,"1,306","26,764",4.91,1.16,9.94,2026-04-23,17
Zhou Yu,Mage,75,C,50.62%,0.58%,0.02%,55.79%,48.04%,46.61%,"101,512",3.42,"1,117","17,283",7.79,0.67,7.22,2026-04-23,17
Yao,Fighter/Assassin,76,C,51.60%,0.54%,0.04%,49.79%,51.83%,49.57%,"77,443",4.99,"1,535","22,622",4.76,0.56,4.63,2026-04-23,17
Butterfly,Fighter,77,C,52.26%,0.53%,0.06%,47.09%,48.22%,46.40%,"77,207",6.3,"1,467","22,988",4.61,0.53,4.34,2026-04-23,17
Lapulapu,Support/Tank,78,C,55.33%,0.53%,0.04%,57.76%,54.86%,51.96%,"53,841",1.71,530,"27,893",11.74,0.18,1.31,2026-04-23,17
Yuhuan,Mage,79,C,49.81%,0.55%,0.02%,55.88%,50.94%,51.87%,"66,451",2.66,"1,278","26,886",9.78,0.39,3.59,2026-04-23,17
Nakoruru,Assassin,80,C,50.30%,0.53%,0.06%,43.20%,48.16%,49.23%,"70,616",6.19,"1,446","17,163",4.53,0.42,3.48,2026-04-23,17
Gan & Mo,Mage,81,C,49.39%,0.47%,0.16%,54.06%,49.39%,47.82%,"102,143",3.83,"1,446","15,793",6.04,0.27,1.93,2026-04-23,17
Zilong,Fighter/Assassin,82,C,52.23%,0.53%,0.02%,45.82%,48.09%,49.53%,"70,637",5.33,"1,399","21,345",5.43,0.52,4.28,2026-04-23,17
Ming,Support,83,C,51.30%,0.52%,0.04%,50.79%,49.61%,48.52%,"30,012",1.5,585,"23,873",11.57,0.34,3.3,2026-04-23,17
Sakeer,Support/Mage,84,C,53.10%,0.51%,0.02%,53.77%,52.73%,50.88%,"51,024",1.92,478,"25,465",11.97,0.22,1.53,2026-04-23,17
Fuzi,Fighter,85,C,53.26%,0.44%,0.11%,52.71%,54.55%,56.45%,"58,811",3.31,"1,155","17,901",5.22,1.25,10.01,2026-04-23,17
Agudo,Marksman,86,C,52.37%,0.46%,0.04%,57.61%,49.25%,51.14%,"79,426",4.82,"1,440","34,117",5.85,1.32,12.94,2026-04-23,17
Allain,Fighter,87,C,49.85%,0.47%,0.02%,44.75%,48.63%,51.41%,"76,098",4.84,"1,147","23,059",4.73,0.46,3.52,2026-04-23,17
Fatih,Fighter,88,C,51.22%,0.45%,0.05%,53.58%,52.68%,52.36%,"80,031",4.13,"1,333","24,401",5.35,0.8,7.18,2026-04-23,17
Mayene,Fighter,89,C,47.58%,0.45%,0.06%,51.74%,51.15%,49.17%,"65,850",4.69,"1,045","18,356",4.53,0.53,4.07,2026-04-23,17
Guan Yu,Fighter,90,C,47.67%,0.40%,0.13%,52.76%,49.98%,50.62%,"65,370",4.24,"1,043","20,293",5.69,0.38,2.91,2026-04-23,17
Meng Ya,Marksman,91,C,53.95%,0.44%,0.01%,51.84%,51.63%,50.82%,"107,502",5.29,"1,101","17,695",6.23,1.28,11.53,2026-04-23,17
Wuyan,Fighter/Tank,92,C,51.30%,0.42%,0.03%,45.18%,46.28%,46.70%,"71,458",3.76,"1,250","27,785",5.29,0.72,6.01,2026-04-23,17
Bai Qi,Tank,93,C,52.29%,0.41%,0.04%,53.49%,50.99%,51.37%,"61,041",3.71,"1,058","37,761",6.53,0.34,2.38,2026-04-23,17
Feyd,Assassin,94,C,51.12%,0.40%,0.06%,54.32%,53.52%,54.29%,"74,650",6.56,"1,474","20,111",4.16,0.67,6.27,2026-04-23,17
Mulan,Fighter/Assassin,95,C,50.96%,0.41%,0.04%,55.35%,51.60%,50.06%,"75,421",4.35,"1,309","16,186",4.79,0.69,5.37,2026-04-23,17
Liu Bei,Fighter,96,C,54.74%,0.40%,0.04%,49.87%,51.80%,53.10%,"73,749",6.07,"1,543","25,019",4.3,0.9,8.3,2026-04-23,17
Shangguan,Mage/Assassin,97,C,49.03%,0.41%,0.04%,51.59%,51.41%,48.98%,"84,694",5.34,"1,224","16,224",5.59,0.46,4.17,2026-04-23,17
Nezha,Fighter/Tank,98,C,51.72%,0.40%,0.04%,48.16%,52.09%,56.27%,"79,463",5.27,"1,341","23,488",7.36,0.32,2.56,2026-04-23,17
Gao,Mage,99,C,49.34%,0.40%,0.04%,45.74%,48.03%,50.77%,"91,651",5.09,954,"17,751",5.97,0.48,4.52,2026-04-23,17
Ukyo Tachibana,Assassin/Fighter,100,C,50.47%,0.39%,0.02%,50.66%,49.58%,48.91%,"74,120",4.44,"1,455","22,097",4.91,0.82,6.94,2026-04-23,17
Guiguzi,Support,101,C,49.32%,0.26%,0.25%,51.74%,53.26%,52.31%,"45,431",1.78,465,"22,547",13.07,0.18,1.49,2026-04-23,17
Pei,Assassin,102,C,53.38%,0.31%,0.13%,66.64%,53.73%,50.25%,"71,900",5.37,"1,598","24,883",4.85,1.22,11.3,2026-04-23,17
Yang Jian,Fighter,103,C,51.70%,0.36%,0.02%,52.34%,51.63%,48.50%,"81,152",4.88,"1,402","24,325",5.33,0.48,4.0,2026-04-23,17
Sun Bin,Support/Mage,104,C,49.60%,0.36%,0.03%,52.55%,52.61%,47.06%,"54,746",1.64,398,"30,458",11.54,0.25,2.03,2026-04-23,17
Sima Yi,Assassin/Mage,105,C,46.71%,0.34%,0.03%,39.32%,47.06%,52.21%,"71,402",6.13,"1,406","17,200",5.05,0.44,4.01,2026-04-23,17
Jing,Assassin,106,C,45.00%,0.27%,0.07%,48.77%,48.53%,51.21%,"62,890",4.61,"1,517","20,359",4.45,0.55,5.15,2026-04-23,17
Dharma,Fighter/Tank,107,C,51.84%,0.24%,0.01%,59.08%,53.93%,52.50%,"62,660",3.68,"1,160","22,471",5.88,0.6,4.65,2026-04-23,17
Menki,Fighter/Mage,108,C,51.65%,0.23%,0.02%,57.86%,55.35%,43.28%,"71,688",3.5,"1,293","32,771",6.37,0.67,5.78,2026-04-23,17
Liu Bang,Tank/Mage,109,C,49.32%,0.23%,0.01%,50.30%,51.66%,52.78%,"57,116",3.53,981,"28,820",8.77,0.41,3.79,2026-04-23,17
Cirrus,Assassin,110,C,51.85%,0.22%,0.01%,50.24%,58.40%,53.93%,"63,059",5.27,"1,437","20,301",5.07,0.73,5.99,2026-04-23,17
Xuance,Assassin,111,C,51.95%,0.18%,0.03%,58.00%,52.51%,48.91%,"62,942",5.63,"1,598","17,210",4.99,1.01,9.63,2026-04-23,17
Athena,Fighter/Assassin,112,C,53.21%,0.07%,0.00%,48.50%,50.19%,50.99%,"77,070",5.12,"1,374","18,408",5.22,0.73,6.45,2026-04-23,17
Daji,Mage,1,S,51.32%,2.18%,4.15%,42.05%,50.67%,51.16%,"88,317",4.67,846,"13,923",6.46,0.27,2.11,2026-04-30,18
Milady,Mage,2,S,49.95%,1.62%,4.93%,51.16%,45.35%,46.56%,"87,776",3.03,"1,256","12,223",6.05,1.59,17.1,2026-04-30,18
Angela,Mage,3,S,51.42%,2.53%,3.09%,44.34%,47.07%,50.65%,"84,581",4.96,918,"17,906",5.85,0.37,3.11,2026-04-30,18
Augran,Fighter,4,S,47.37%,1.06%,5.11%,39.98%,46.51%,46.74%,"83,284",6.77,"1,367","20,576",3.89,0.61,5.04,2026-04-30,18
Liang,Mage,5,S,51.29%,0.80%,4.84%,48.69%,51.22%,47.96%,"62,903",2.55,"1,009","17,562",10.2,0.28,2.2,2026-04-30,18
Ao'yin,Marksman,6,S,48.05%,1.53%,3.32%,54.98%,49.19%,47.76%,"94,987",4.9,"1,056","21,396",5.98,1.15,9.73,2026-04-30,18
Hou Yi,Marksman,7,S,49.99%,2.98%,0.22%,48.04%,49.69%,51.04%,"90,618",4.62,866,"15,289",6.45,1.22,10.73,2026-04-30,18
Haya,Mage,8,S,49.81%,1.09%,3.11%,55.32%,52.67%,49.65%,"82,918",5.23,"1,060","20,177",5.43,0.32,2.75,2026-04-30,18
Li Xin,Fighter,9,S,52.93%,1.80%,1.30%,43.08%,45.29%,48.29%,"69,717",3.63,"1,410","20,232",3.43,1.67,14.29,2026-04-30,18
Wang Zhaojun,Mage,10,S,50.87%,2.02%,0.45%,50.36%,49.37%,50.42%,"78,475",3.24,497,"19,179",9.12,0.36,2.78,2026-04-30,18
Cai Yan,Support,11,S,50.33%,1.22%,1.81%,50.12%,46.32%,46.96%,"28,973",0.74,122,"32,674",11.71,0.28,2.39,2026-04-30,18
Lady Sun,Marksman,12,A,48.38%,2.02%,0.15%,47.08%,47.23%,46.15%,"94,150",5.18,"1,121","17,800",5.43,1.36,12.59,2026-04-30,18
Xiao Qiao,Mage,13,A,48.75%,2.01%,0.17%,49.79%,50.10%,49.81%,"91,184",4.24,786,"14,849",6.7,0.28,2.34,2026-04-30,18
Donghuang,Support/Tank,14,A,48.47%,0.77%,2.40%,44.56%,48.46%,48.91%,"64,451",2.97,740,"27,423",9.44,0.28,2.1,2026-04-30,18
Dolia,Support,15,A,45.92%,1.72%,0.48%,45.95%,46.86%,48.78%,"40,557",1.05,296,"31,551",12.44,0.25,2.07,2026-04-30,18
Marco Polo,Marksman,16,A,49.51%,1.77%,0.29%,43.59%,48.16%,48.71%,"95,700",5.87,"1,359","18,910",5.59,1.03,8.18,2026-04-30,18
Mozi,Mage/Fighter,17,A,49.65%,1.28%,1.20%,50.03%,50.23%,50.88%,"63,294",2.03,811,"24,550",10.41,0.39,3.15,2026-04-30,18
Chicha,Fighter,18,A,50.45%,1.61%,0.47%,53.37%,51.74%,51.67%,"78,665",5.14,"1,375","20,232",4.62,0.91,7.86,2026-04-30,18
Luara,Marksman,19,A,53.19%,1.65%,0.19%,42.26%,50.90%,52.25%,"101,234",5.6,950,"15,786",5.93,1.3,11.67,2026-04-30,18
Yaria,Support,20,A,48.31%,1.08%,1.25%,54.54%,52.46%,47.37%,"36,667",1.24,227,"19,316",12.04,0.13,1.03,2026-04-30,18
Erin,Marksman,21,A,51.60%,1.60%,0.16%,54.82%,51.52%,45.94%,"105,451",5.75,"1,121","17,801",5.78,1.31,11.57,2026-04-30,18
Consort Yu,Marksman,22,A,52.42%,1.59%,0.18%,46.87%,50.33%,52.17%,"98,362",5.19,950,"16,906",5.83,1.35,11.91,2026-04-30,18
Dyadia,Support/Mage,23,A,48.80%,1.15%,1.07%,52.11%,50.81%,49.79%,"43,517",1.86,137,"21,431",11.46,0.22,1.86,2026-04-30,18
Arthur,Fighter/Tank,24,A,51.81%,1.58%,0.16%,46.20%,50.30%,48.72%,"76,131",4.15,"1,113","30,114",6.32,0.59,4.96,2026-04-30,18
Kongming,Mage,25,A,49.52%,1.53%,0.26%,49.96%,50.29%,47.51%,"98,176",5.94,"1,423","18,661",5.54,0.28,2.31,2026-04-30,18
Kaizer,Fighter/Tank,26,A,51.02%,1.57%,0.14%,43.08%,48.24%,46.49%,"75,811",4.91,"1,370","21,282",4.87,0.71,6.0,2026-04-30,18
Luban No.7,Marksman,27,A,50.62%,1.54%,0.14%,43.69%,47.24%,48.76%,"104,393",4.79,817,"14,869",6.63,1.25,11.5,2026-04-30,18
Garo,Marksman,28,A,53.78%,1.43%,0.28%,47.68%,51.77%,52.41%,"102,984",5.77,876,"16,046",6.17,1.25,11.3,2026-04-30,18
Lu Bu,Fighter/Tank,29,A,47.90%,1.40%,0.17%,42.76%,46.02%,49.48%,"74,881",4.02,"1,146","22,070",5.94,0.53,4.04,2026-04-30,18
Wukong,Assassin,30,A,50.33%,1.32%,0.27%,47.42%,49.99%,50.75%,"70,094",6.14,"1,503","19,901",4.22,0.61,5.53,2026-04-30,18
Zhang Fei,Support/Tank,31,A,49.19%,1.21%,0.30%,50.70%,50.27%,49.37%,"39,428",1.63,"1,061","40,548",10.94,0.22,1.7,2026-04-30,18
Dun,Tank/Fighter,32,A,51.40%,1.24%,0.23%,41.54%,45.67%,44.83%,"70,279",3.26,"1,126","33,543",6.75,0.53,4.22,2026-04-30,18
Nuwa,Mage,33,A,52.37%,1.03%,0.50%,53.03%,51.44%,53.28%,"94,216",3.7,578,"16,406",8.11,0.24,1.83,2026-04-30,18
Musashi,Fighter/Assassin,34,B,51.19%,1.14%,0.20%,43.02%,50.91%,53.64%,"68,692",5.53,"1,431","19,550",5.14,0.48,4.4,2026-04-30,18
Lam,Assassin/Fighter,35,B,48.86%,0.97%,0.51%,40.68%,47.67%,50.04%,"71,207",6.36,"1,491","18,774",4.37,0.46,4.0,2026-04-30,18
Mi Yue,Mage/Fighter,36,B,50.22%,0.79%,0.86%,52.77%,49.71%,47.21%,"74,576",4.09,"1,333","20,808",4.19,1.15,9.41,2026-04-30,18
Arli,Marksman,37,B,46.72%,0.94%,0.41%,48.06%,49.92%,51.31%,"85,854",5.17,"1,455","17,584",4.97,1.05,9.02,2026-04-30,18
Lady Zhen,Mage,38,B,51.16%,1.10%,0.06%,46.24%,48.60%,47.13%,"96,771",3.09,642,"16,577",8.3,0.25,2.0,2026-04-30,18
Flowborn (Marksman),Marksman,39,B,52.26%,1.08%,0.06%,56.39%,52.28%,51.20%,"106,920",4.77,962,"18,585",5.73,1.4,12.87,2026-04-30,18
Kui,Support/Mage,40,B,49.88%,0.91%,0.37%,50.30%,50.19%,48.95%,"49,499",2.67,420,"23,955",11.83,0.14,0.99,2026-04-30,18
Da Qiao,Support/Mage,41,B,48.53%,0.85%,0.43%,51.02%,48.65%,50.00%,"66,802",1.72,387,"27,625",11.85,0.29,2.22,2026-04-30,18
Arke,Assassin,42,B,52.14%,0.62%,0.87%,44.27%,48.99%,51.03%,"66,339",6.45,"1,373","19,469",4.59,0.45,3.97,2026-04-30,18
Dian Wei,Fighter,43,B,51.73%,0.92%,0.24%,42.22%,47.97%,49.00%,"80,112",5.91,"1,449","19,423",4.82,0.71,6.31,2026-04-30,18
Zhuangzi,Support/Tank,44,B,49.34%,0.59%,0.91%,41.09%,49.28%,50.61%,"47,777",1.59,927,"36,226",11.09,0.19,1.41,2026-04-30,18
Huang Zhong,Marksman,45,B,50.81%,1.00%,0.04%,45.93%,47.49%,48.51%,"100,270",4.86,"1,058","17,310",5.83,1.25,11.77,2026-04-30,18
Fang,Marksman,46,B,51.26%,0.97%,0.04%,49.96%,48.71%,48.09%,"88,717",5.61,"1,458","16,315",6.49,1.16,10.17,2026-04-30,18
Yao,Fighter/Assassin,47,B,49.89%,0.93%,0.05%,46.52%,49.51%,50.60%,"75,632",4.9,"1,518","22,042",4.78,0.53,4.32,2026-04-30,18
Alessio,Marksman,48,B,51.92%,0.93%,0.04%,47.47%,50.52%,51.43%,"105,432",4.95,991,"16,652",6.25,1.37,12.81,2026-04-30,18
Mayene,Fighter,49,B,46.94%,0.89%,0.13%,48.52%,48.57%,49.92%,"66,300",4.75,"1,104","17,940",4.56,0.53,4.03,2026-04-30,18
Biron,Fighter/Tank,50,B,48.89%,0.89%,0.10%,51.94%,49.77%,47.87%,"67,667",2.85,907,"29,384",5.82,0.64,5.36,2026-04-30,18
Ziya,Mage,51,B,51.27%,0.88%,0.10%,47.72%,48.72%,53.03%,"93,514",3.17,820,"16,348",8.23,0.34,3.29,2026-04-30,18
Li Bai,Assassin,52,B,52.16%,0.84%,0.18%,48.28%,48.77%,50.21%,"84,559",5.01,"1,472","18,558",5.41,0.55,4.72,2026-04-30,18
Liu Shan,Support/Tank,53,B,49.09%,0.85%,0.17%,42.15%,47.23%,56.27%,"42,683",1.95,593,"30,420",9.01,1.25,11.98,2026-04-30,18
Heino,Mage/Fighter,54,B,47.88%,0.83%,0.18%,47.57%,43.16%,43.34%,"103,608",2.85,986,"35,450",6.32,0.48,3.82,2026-04-30,18
Ying,Fighter/Assassin,55,B,53.07%,0.86%,0.09%,52.33%,52.10%,48.77%,"80,145",5.28,"1,412","19,712",6.04,0.62,5.37,2026-04-30,18
Garuda,Mage,56,B,50.97%,0.89%,0.04%,50.06%,50.38%,49.29%,"101,679",3.98,939,"19,886",6.66,0.55,4.99,2026-04-30,18
Sun Ce,Fighter/Tank,57,B,49.64%,0.89%,0.03%,45.67%,47.65%,49.87%,"67,000",4.71,"1,264","17,881",7.94,0.52,4.09,2026-04-30,18
Lian Po,Tank,58,B,51.07%,0.85%,0.09%,46.54%,48.86%,51.87%,"59,676",1.98,761,"34,568",9.76,0.45,3.43,2026-04-30,18
Changgong,Assassin,59,B,49.82%,0.53%,0.70%,42.86%,49.06%,51.10%,"67,113",6.39,"1,269","15,506",5.78,0.33,2.77,2026-04-30,18
Shouyue,Marksman/Assassin,60,B,50.96%,0.83%,0.09%,44.05%,50.14%,54.07%,"102,036",4.46,927,"17,438",6.56,1.12,9.55,2026-04-30,18
Di Renjie,Marksman,61,B,51.30%,0.86%,0.02%,48.54%,48.20%,50.26%,"96,692",4.46,944,"19,153",6.6,1.38,12.77,2026-04-30,18
Mai Shiranui,Assassin/Mage,62,B,48.19%,0.79%,0.17%,56.96%,51.40%,52.16%,"80,133",4.29,"1,170","17,763",6.21,0.28,2.28,2026-04-30,18
Charlotte,Fighter,63,B,49.12%,0.82%,0.08%,52.86%,51.63%,48.99%,"79,695",4.22,"1,261","20,677",5.08,0.57,4.71,2026-04-30,18
Diaochan,Mage,64,B,47.54%,0.78%,0.09%,44.66%,50.66%,53.61%,"90,012",4.43,"1,158","19,085",5.43,0.3,2.47,2026-04-30,18
Xiang Yu,Tank/Fighter,65,B,50.72%,0.77%,0.04%,45.70%,47.34%,50.06%,"74,732",3.62,950,"21,609",6.75,0.53,4.15,2026-04-30,18
Allain,Fighter,66,B,50.59%,0.76%,0.04%,47.72%,49.03%,53.80%,"77,058",5.01,"1,209","23,035",4.77,0.47,3.6,2026-04-30,18
Dr Bian,Mage,67,B,50.88%,0.70%,0.12%,52.22%,48.16%,49.80%,"77,628",3.16,"1,071","23,247",9.04,0.37,3.15,2026-04-30,18
Yango,Assassin,68,C,48.82%,0.59%,0.32%,53.91%,50.09%,49.12%,"78,522",3.86,"1,171","17,112",5.87,0.64,5.12,2026-04-30,18
Yixing,Mage,69,C,51.48%,0.72%,0.04%,44.49%,50.64%,46.62%,"81,590",3.4,830,"21,896",9.98,0.38,3.11,2026-04-30,18
Luna,Fighter/Mage,70,C,48.78%,0.56%,0.35%,53.35%,50.29%,48.42%,"77,794",5.0,"1,555","24,818",5.33,0.48,4.47,2026-04-30,18
Chano,Marksman,71,C,50.59%,0.69%,0.07%,54.08%,54.06%,54.31%,"95,730",5.03,"1,177","16,523",5.81,1.2,11.05,2026-04-30,18
Shi,Mage,72,C,49.97%,0.58%,0.23%,55.46%,51.31%,48.07%,"81,456",2.92,651,"17,918",8.94,0.25,1.96,2026-04-30,18
Flowborn (Tank),Tank/Fighter,73,C,49.06%,0.65%,0.08%,46.39%,47.28%,45.35%,"77,432",3.36,"1,098","29,766",5.51,0.66,5.32,2026-04-30,18
Flowborn (Mage),Mage,74,C,51.18%,0.63%,0.07%,50.75%,51.85%,51.09%,"98,844",4.43,863,"15,510",6.81,0.36,2.86,2026-04-30,18
Ata,Tank,75,C,53.51%,0.63%,0.05%,53.75%,52.78%,50.00%,"75,106",3.54,"1,174","43,899",6.22,0.55,4.38,2026-04-30,18
Han Xin,Assassin,76,C,53.86%,0.54%,0.22%,55.31%,52.97%,51.40%,"69,811",5.33,"1,640","21,781",4.69,1.14,10.32,2026-04-30,18
Umbrosa,Fighter,77,C,50.56%,0.59%,0.06%,55.72%,51.96%,47.69%,"89,485",4.09,"1,310","26,495",4.94,1.15,9.92,2026-04-30,18
Zhou Yu,Mage,78,C,50.75%,0.60%,0.02%,52.59%,47.53%,48.43%,"97,364",3.45,"1,131","17,165",7.81,0.66,7.21,2026-04-30,18
Butterfly,Fighter,79,C,52.39%,0.57%,0.06%,44.02%,48.03%,46.29%,"77,369",6.37,"1,470","22,850",4.63,0.53,4.38,2026-04-30,18
Zilong,Fighter/Assassin,80,C,52.81%,0.57%,0.02%,49.35%,47.57%,50.13%,"72,447",5.45,"1,412","21,341",5.48,0.52,4.33,2026-04-30,18
Nakoruru,Assassin,81,C,50.31%,0.54%,0.05%,45.40%,50.03%,47.83%,"71,401",6.34,"1,458","17,073",4.56,0.42,3.49,2026-04-30,18
Gan & Mo,Mage,82,C,49.90%,0.47%,0.15%,55.32%,49.46%,50.36%,"102,800",3.91,"1,448","15,634",6.09,0.27,1.96,2026-04-30,18
Lapulapu,Support/Tank,83,C,55.12%,0.51%,0.04%,55.81%,55.62%,48.91%,"55,481",1.74,645,"27,648",11.76,0.18,1.3,2026-04-30,18
Sakeer,Support/Mage,84,C,53.31%,0.51%,0.03%,54.96%,52.55%,51.57%,"51,192",1.96,373,"25,313",12.09,0.22,1.55,2026-04-30,18
Ming,Support,85,C,51.22%,0.50%,0.04%,50.53%,51.31%,50.00%,"30,213",1.54,656,"23,515",11.66,0.34,3.33,2026-04-30,18
Nezha,Fighter/Tank,86,C,52.07%,0.47%,0.05%,48.40%,54.26%,53.42%,"79,801",5.44,"1,348","23,060",7.41,0.32,2.56,2026-04-30,18
Yuhuan,Mage,87,C,50.09%,0.48%,0.02%,56.82%,52.28%,49.94%,"66,760",2.7,"1,298","26,392",9.83,0.4,3.68,2026-04-30,18
Fuzi,Fighter,88,C,53.00%,0.43%,0.10%,53.14%,54.91%,56.86%,"58,712",3.34,"1,087","17,737",5.17,1.26,10.1,2026-04-30,18
Jing,Assassin,89,C,44.40%,0.43%,0.12%,50.06%,46.68%,50.91%,"62,237",4.61,"1,502","19,523",4.49,0.52,4.9,2026-04-30,18
Agudo,Marksman,90,C,52.07%,0.45%,0.04%,58.36%,49.43%,48.88%,"79,903",4.9,"1,444","33,640",5.9,1.31,12.85,2026-04-30,18
Fatih,Fighter,91,C,52.21%,0.43%,0.05%,53.49%,52.72%,52.17%,"80,839",4.24,"1,340","24,544",5.41,0.8,7.32,2026-04-30,18
Feyd,Assassin,92,C,51.54%,0.42%,0.06%,52.82%,54.20%,56.82%,"75,573",6.68,"1,478","19,976",4.2,0.68,6.25,2026-04-30,18
Meng Ya,Marksman,93,C,53.98%,0.44%,0.01%,52.75%,53.37%,54.11%,"106,681",5.3,"1,146","17,522",6.25,1.28,11.5,2026-04-30,18
Shangguan,Mage/Assassin,94,C,49.00%,0.43%,0.04%,52.99%,50.60%,49.08%,"84,968",5.43,"1,185","15,861",5.64,0.47,4.2,2026-04-30,18
Bai Qi,Tank,95,C,52.27%,0.41%,0.05%,51.39%,51.65%,49.22%,"60,928",3.74,"1,063","37,407",6.58,0.34,2.38,2026-04-30,18
Guan Yu,Fighter,96,C,48.05%,0.38%,0.12%,53.00%,50.53%,49.01%,"65,980",4.34,"1,015","20,133",5.77,0.38,2.96,2026-04-30,18
Liu Bei,Fighter,97,C,54.50%,0.40%,0.04%,47.07%,50.78%,52.39%,"73,983",6.14,"1,545","24,858",4.33,0.9,8.21,2026-04-30,18
Mulan,Fighter/Assassin,98,C,51.01%,0.40%,0.04%,56.08%,51.23%,50.76%,"75,802",4.42,"1,225","16,064",4.81,0.69,5.37,2026-04-30,18
Wuyan,Fighter/Tank,99,C,51.26%,0.40%,0.03%,42.13%,46.47%,48.08%,"76,464",3.81,"1,243","27,425",5.31,0.72,6.01,2026-04-30,18
Ukyo Tachibana,Assassin/Fighter,100,C,50.35%,0.40%,0.02%,53.65%,49.24%,51.01%,"74,478",4.54,"1,456","21,937",4.99,0.8,6.89,2026-04-30,18
Gao,Mage,101,C,49.29%,0.39%,0.04%,45.54%,48.65%,52.04%,"91,504",5.12,897,"17,555",6.01,0.49,4.57,2026-04-30,18
Guiguzi,Support,102,C,50.15%,0.25%,0.25%,53.98%,54.33%,55.42%,"45,912",1.82,861,"22,475",13.28,0.18,1.51,2026-04-30,18
Pei,Assassin,103,C,53.34%,0.31%,0.12%,66.89%,53.02%,49.64%,"72,503",5.45,"1,595","24,516",4.93,1.19,10.98,2026-04-30,18
Sun Bin,Support/Mage,104,C,49.62%,0.34%,0.03%,50.96%,52.65%,50.34%,"52,583",1.65,397,"29,946",11.58,0.26,2.03,2026-04-30,18
Yang Jian,Fighter,105,C,51.78%,0.34%,0.02%,53.18%,50.81%,49.95%,"81,490",4.99,"1,406","24,135",5.38,0.48,3.99,2026-04-30,18
Sima Yi,Assassin/Mage,106,C,46.52%,0.24%,0.02%,45.21%,45.87%,50.12%,"70,227",5.96,"1,403","17,018",5.09,0.48,4.31,2026-04-30,18
Dharma,Fighter/Tank,107,C,52.81%,0.23%,0.02%,61.45%,55.80%,54.92%,"62,682",3.76,"1,183","22,258",5.89,0.61,4.75,2026-04-30,18
Menki,Fighter/Mage,108,C,52.44%,0.22%,0.02%,59.06%,55.27%,54.31%,"78,209",3.56,"1,297","32,654",6.42,0.67,5.84,2026-04-30,18
Cirrus,Assassin,109,C,51.31%,0.22%,0.01%,41.78%,52.20%,51.01%,"63,321",5.34,"1,442","20,222",5.07,0.73,6.01,2026-04-30,18
Liu Bang,Tank/Mage,110,C,49.56%,0.22%,0.01%,53.55%,52.34%,49.72%,"57,337",3.58,"1,079","28,613",8.84,0.42,3.82,2026-04-30,18
Xuance,Assassin,111,C,52.73%,0.19%,0.02%,60.33%,52.58%,49.77%,"63,586",5.78,"1,602","17,230",5.04,1.03,9.73,2026-04-30,18
Athena,Fighter/Assassin,112,C,54.07%,0.07%,0.00%,53.82%,52.76%,48.87%,"79,354",5.31,"1,387","18,612",5.34,0.71,6.34,2026-04-30,18
Angela,Mage,1,S,52.02%,2.53%,3.53%,44.94%,47.18%,50.24%,"86,713",5.15,904,"17,525",6.04,0.38,3.15,2026-05-07,19
Daji,Mage,2,S,50.54%,2.24%,3.67%,41.25%,48.26%,50.54%,"89,649",4.63,803,"13,519",6.6,0.26,2.09,2026-05-07,19
Milady,Mage,3,S,48.83%,1.71%,4.20%,50.42%,43.82%,43.97%,"87,875",3.05,"1,200","11,868",6.2,1.55,16.75,2026-05-07,19
Augran,Fighter,4,S,47.40%,1.01%,5.38%,41.99%,45.50%,47.27%,"84,675",7.05,"1,367","20,299",3.96,0.6,5.03,2026-05-07,19
Ao'yin,Marksman,5,S,48.30%,1.53%,3.53%,55.31%,50.46%,48.33%,"94,835",4.9,"1,022","21,018",6.18,1.15,9.78,2026-05-07,19
Liang,Mage,6,S,51.31%,0.75%,4.82%,46.70%,50.71%,52.69%,"62,935",2.6,853,"16,911",10.38,0.28,2.2,2026-05-07,19
Hou Yi,Marksman,7,S,49.63%,3.06%,0.21%,44.36%,49.26%,50.26%,"90,824",4.66,857,"14,979",6.61,1.21,10.65,2026-05-07,19
Haya,Mage,8,S,49.74%,0.99%,2.99%,56.17%,52.39%,50.98%,"82,994",5.2,"1,035","19,551",5.62,0.32,2.74,2026-05-07,19
Li Xin,Fighter,9,S,52.55%,1.83%,1.27%,43.65%,45.59%,47.26%,"70,730",3.78,"1,426","19,555",3.53,1.66,14.15,2026-05-07,19
Wang Zhaojun,Mage,10,S,51.38%,2.00%,0.49%,49.95%,49.31%,49.03%,"79,692",3.4,498,"18,602",9.34,0.36,2.83,2026-05-07,19
Donghuang,Support/Tank,11,S,48.35%,0.73%,2.87%,45.76%,47.91%,49.66%,"65,303",3.1,752,"26,715",9.75,0.27,2.08,2026-05-07,19
Marco Polo,Marksman,12,A,50.63%,1.94%,0.28%,45.26%,49.73%,48.03%,"97,115",6.12,"1,319","18,695",5.77,1.04,8.3,2026-05-07,19
Cai Yan,Support,13,A,50.01%,1.19%,1.75%,43.97%,47.25%,45.95%,"30,186",0.77,144,"30,992",11.96,0.28,2.39,2026-05-07,19
Xiao Qiao,Mage,14,A,48.45%,1.94%,0.17%,48.09%,49.03%,50.09%,"91,175",4.29,684,"14,474",6.89,0.28,2.33,2026-05-07,19
Zhang Fei,Support/Tank,15,A,49.53%,1.67%,0.65%,50.12%,49.71%,50.43%,"40,660",1.8,"1,217","39,275",11.01,0.23,1.79,2026-05-07,19
Dolia,Support,16,A,46.12%,1.70%,0.49%,46.62%,47.99%,47.86%,"40,312",1.1,240,"30,079",12.77,0.25,2.07,2026-05-07,19
Lady Sun,Marksman,17,A,48.22%,1.76%,0.10%,48.65%,46.42%,47.90%,"94,481",5.24,"1,043","17,408",5.6,1.36,12.57,2026-05-07,19
Mozi,Mage/Fighter,18,A,49.60%,1.20%,1.12%,49.90%,49.19%,50.61%,"63,609",2.1,668,"23,904",10.69,0.38,3.13,2026-05-07,19
Lu Bu,Fighter/Tank,19,A,49.07%,1.63%,0.24%,42.67%,47.18%,49.34%,"77,875",4.25,"1,135","21,860",6.1,0.54,4.1,2026-05-07,19
Luara,Marksman,20,A,53.18%,1.64%,0.18%,46.03%,50.09%,49.23%,"100,812",5.63,937,"15,529",6.13,1.28,11.56,2026-05-07,19
Consort Yu,Marksman,21,A,52.09%,1.64%,0.18%,44.64%,50.14%,52.26%,"97,887",5.21,942,"16,436",5.99,1.33,11.81,2026-05-07,19
Kaizer,Fighter/Tank,22,A,51.88%,1.63%,0.15%,46.44%,50.58%,48.00%,"76,375",5.23,"1,381","21,043",5.04,0.71,6.05,2026-05-07,19
Luban No.7,Marksman,23,A,50.66%,1.62%,0.14%,44.16%,45.23%,50.67%,"106,367",4.88,746,"14,488",6.83,1.25,11.43,2026-05-07,19
Yaria,Support,24,A,48.65%,1.08%,1.23%,54.79%,52.62%,48.56%,"36,890",1.27,259,"18,594",12.4,0.13,1.04,2026-05-07,19
Chicha,Fighter,25,A,50.38%,1.46%,0.40%,54.38%,51.81%,50.99%,"79,596",5.27,"1,370","19,817",4.78,0.9,7.78,2026-05-07,19
Erin,Marksman,26,A,51.39%,1.56%,0.16%,52.23%,51.40%,47.15%,"105,411",5.75,"1,091","17,431",5.99,1.29,11.49,2026-05-07,19
Arthur,Fighter/Tank,27,A,51.04%,1.56%,0.16%,44.97%,49.03%,49.74%,"74,147",4.21,"1,108","29,012",6.45,0.57,4.86,2026-05-07,19
Dyadia,Support/Mage,28,A,48.46%,1.09%,1.05%,54.16%,51.44%,49.05%,"43,009",1.87,155,"20,624",11.71,0.21,1.83,2026-05-07,19
Kongming,Mage,29,A,49.16%,1.45%,0.24%,48.42%,50.09%,46.40%,"98,070",5.92,"1,412","18,148",5.74,0.28,2.33,2026-05-07,19
Wukong,Assassin,30,A,49.32%,1.43%,0.27%,44.85%,48.23%,49.35%,"70,689",6.2,"1,497","19,387",4.35,0.6,5.44,2026-05-07,19
Dun,Tank/Fighter,31,A,51.46%,1.43%,0.25%,40.83%,46.84%,48.16%,"70,549",3.4,"1,133","33,112",6.92,0.52,4.17,2026-05-07,19
Garo,Marksman,32,A,53.35%,1.39%,0.26%,47.13%,49.07%,50.74%,"102,363",5.77,867,"15,516",6.33,1.24,11.11,2026-05-07,19
Mayene,Fighter,33,A,46.83%,1.35%,0.27%,48.51%,48.86%,51.58%,"66,281",4.79,"1,101","17,754",4.61,0.54,4.08,2026-05-07,19
Musashi,Fighter/Assassin,34,B,50.77%,1.14%,0.20%,42.87%,49.96%,50.69%,"65,481",5.62,"1,428","19,039",5.27,0.47,4.32,2026-05-07,19
Dian Wei,Fighter,35,B,52.23%,1.10%,0.27%,41.71%,50.15%,46.91%,"79,643",6.26,"1,457","19,257",5.0,0.7,6.31,2026-05-07,19
Allain,Fighter,36,B,51.34%,1.16%,0.08%,47.03%,50.34%,51.30%,"78,507",5.26,"1,244","22,987",4.89,0.47,3.6,2026-05-07,19
Lam,Assassin/Fighter,37,B,49.12%,0.95%,0.49%,43.47%,48.89%,49.72%,"72,158",6.54,"1,493","18,496",4.54,0.45,4.0,2026-05-07,19
Nuwa,Mage,38,B,52.41%,0.95%,0.47%,53.06%,52.16%,54.99%,"94,731",3.78,542,"15,784",8.39,0.24,1.85,2026-05-07,19
Mi Yue,Mage/Fighter,39,B,50.10%,0.77%,0.76%,49.96%,50.36%,46.46%,"75,016",4.2,"1,327","20,422",4.29,1.13,9.37,2026-05-07,19
Zhuangzi,Support/Tank,40,B,49.38%,0.65%,0.93%,42.40%,48.96%,49.62%,"48,176",1.69,934,"34,647",11.49,0.19,1.41,2026-05-07,19
Lady Zhen,Mage,41,B,51.19%,1.06%,0.05%,49.08%,49.92%,46.44%,"96,614",3.16,435,"15,961",8.54,0.26,2.01,2026-05-07,19
Arli,Marksman,42,B,46.71%,0.90%,0.39%,49.30%,49.12%,51.01%,"86,331",5.23,"1,448","17,303",5.16,1.05,9.08,2026-05-07,19
Kui,Support/Mage,43,B,50.33%,0.88%,0.36%,47.33%,47.89%,46.79%,"52,882",2.81,361,"23,409",12.17,0.14,1.01,2026-05-07,19
Flowborn (Marksman),Marksman,44,B,52.22%,1.02%,0.06%,56.39%,51.95%,52.24%,"109,385",4.84,"1,005","18,159",5.92,1.4,12.95,2026-05-07,19
Da Qiao,Support/Mage,45,B,49.15%,0.83%,0.42%,55.30%,50.49%,48.63%,"66,397",1.8,345,"26,508",12.23,0.29,2.23,2026-05-07,19
Charlotte,Fighter,46,B,49.79%,0.95%,0.13%,55.70%,50.10%,48.64%,"81,532",4.49,"1,264","20,513",5.24,0.58,4.8,2026-05-07,19
Arke,Assassin,47,B,52.57%,0.58%,0.83%,44.20%,50.60%,53.69%,"67,871",6.8,"1,369","19,094",4.78,0.45,4.07,2026-05-07,19
Fang,Marksman,48,B,50.70%,0.95%,0.04%,48.86%,47.08%,47.51%,"89,580",5.7,"1,455","15,968",6.69,1.15,10.14,2026-05-07,19
Alessio,Marksman,49,B,51.61%,0.91%,0.04%,45.15%,47.85%,52.72%,"102,262",4.95,868,"16,276",6.43,1.35,12.71,2026-05-07,19
Heino,Mage/Fighter,50,B,48.84%,0.83%,0.18%,49.37%,46.83%,45.28%,"104,788",3.04,992,"34,397",6.59,0.48,3.84,2026-05-07,19
Ziya,Mage,51,B,50.96%,0.86%,0.09%,47.10%,46.44%,51.90%,"93,672",3.24,768,"15,739",8.44,0.34,3.28,2026-05-07,19
Ying,Fighter/Assassin,52,B,52.81%,0.85%,0.08%,52.63%,51.60%,49.64%,"80,529",5.42,"1,410","19,286",6.23,0.6,5.29,2026-05-07,19
Sun Ce,Fighter/Tank,53,B,49.69%,0.88%,0.03%,43.71%,47.22%,49.95%,"67,483",4.84,"1,257","17,451",8.22,0.5,3.97,2026-05-07,19
Garuda,Mage,54,B,51.49%,0.86%,0.04%,48.24%,51.68%,49.62%,"109,244",4.11,942,"19,181",6.89,0.55,5.01,2026-05-07,19
Lian Po,Tank,55,B,51.07%,0.83%,0.09%,45.23%,50.01%,51.64%,"72,683",2.05,699,"33,283",10.08,0.44,3.43,2026-05-07,19
Biron,Fighter/Tank,56,B,48.31%,0.83%,0.10%,51.29%,48.23%,47.00%,"68,982",2.95,878,"28,175",5.91,0.63,5.34,2026-05-07,19
Shouyue,Marksman/Assassin,57,B,51.04%,0.82%,0.08%,46.78%,51.77%,54.04%,"102,351",4.49,"1,053","17,095",6.77,1.11,9.51,2026-05-07,19
Mai Shiranui,Assassin/Mage,58,B,48.71%,0.78%,0.16%,59.02%,52.50%,51.61%,"80,783",4.38,"1,213","17,666",6.45,0.28,2.31,2026-05-07,19
Di Renjie,Marksman,59,B,51.11%,0.84%,0.02%,49.50%,49.11%,46.70%,"96,745",4.54,"1,030","18,595",6.8,1.38,12.76,2026-05-07,19
Liu Shan,Support/Tank,60,B,49.36%,0.78%,0.11%,44.75%,47.32%,55.00%,"43,430",2.05,547,"29,602",9.33,1.25,11.97,2026-05-07,19
Changgong,Assassin,61,B,49.91%,0.50%,0.66%,46.12%,49.18%,52.48%,"68,022",6.51,"1,257","14,985",5.94,0.33,2.78,2026-05-07,19
Yao,Fighter/Assassin,62,B,50.64%,0.78%,0.05%,49.72%,50.07%,48.69%,"77,339",5.18,"1,522","21,632",4.95,0.54,4.43,2026-05-07,19
Diaochan,Mage,63,B,48.15%,0.76%,0.09%,48.39%,51.32%,50.36%,"90,830",4.66,"1,149","18,717",5.63,0.3,2.45,2026-05-07,19
Li Bai,Assassin,64,B,52.50%,0.68%,0.18%,49.37%,50.01%,50.33%,"84,981",5.15,"1,463","18,128",5.6,0.55,4.76,2026-05-07,19
Jing,Assassin,65,B,44.91%,0.65%,0.25%,49.22%,47.96%,50.35%,"63,949",4.86,"1,508","19,581",4.66,0.53,5.02,2026-05-07,19
Luna,Fighter/Mage,66,B,48.56%,0.60%,0.33%,55.04%,50.34%,50.47%,"78,127",5.09,"1,549","24,197",5.52,0.48,4.45,2026-05-07,19
Xiang Yu,Tank/Fighter,67,B,51.13%,0.73%,0.04%,44.96%,46.52%,48.50%,"73,981",3.68,950,"21,308",7.08,0.52,4.12,2026-05-07,19
Yixing,Mage,68,C,51.51%,0.70%,0.04%,47.45%,49.57%,49.01%,"82,423",3.51,931,"20,958",10.27,0.38,3.12,2026-05-07,19
Chano,Marksman,69,C,50.51%,0.68%,0.07%,55.33%,54.08%,53.83%,"96,418",5.12,"1,171","16,337",6.03,1.2,11.05,2026-05-07,19
Dr Bian,Mage,70,C,49.99%,0.65%,0.11%,46.37%,50.03%,53.55%,"77,441",3.18,"1,054","22,071",9.19,0.36,3.13,2026-05-07,19
Shi,Mage,71,C,50.09%,0.58%,0.23%,55.75%,50.99%,49.89%,"82,278",3.03,625,"17,361",9.17,0.25,1.97,2026-05-07,19
Butterfly,Fighter,72,C,52.40%,0.65%,0.06%,45.24%,49.28%,45.97%,"78,943",6.67,"1,467","22,495",4.76,0.52,4.32,2026-05-07,19
Zilong,Fighter/Assassin,73,C,52.92%,0.65%,0.02%,44.22%,47.96%,47.48%,"72,633",5.75,"1,417","21,143",5.69,0.51,4.29,2026-05-07,19
Ata,Tank,74,C,53.76%,0.62%,0.05%,56.04%,53.12%,49.29%,"74,444",3.7,"1,161","42,709",6.39,0.55,4.42,2026-05-07,19
Flowborn (Tank),Tank/Fighter,75,C,48.61%,0.61%,0.08%,45.26%,47.48%,53.64%,"77,501",3.49,"1,093","28,730",5.64,0.64,5.27,2026-05-07,19
Huang Zhong,Marksman,76,C,51.00%,0.63%,0.03%,45.08%,49.61%,51.81%,"100,588",4.92,928,"16,959",6.03,1.25,11.89,2026-05-07,19
Yango,Assassin,77,C,49.53%,0.49%,0.25%,55.59%,50.90%,51.52%,"79,088",4.03,"1,158","16,641",6.07,0.64,5.24,2026-05-07,19
Han Xin,Assassin,78,C,53.89%,0.50%,0.20%,58.44%,53.17%,54.90%,"70,511",5.51,"1,634","21,469",4.87,1.15,10.41,2026-05-07,19
Flowborn (Mage),Mage,79,C,51.08%,0.56%,0.07%,49.07%,51.51%,51.47%,"98,762",4.5,817,"14,883",7.05,0.36,2.92,2026-05-07,19
Umbrosa,Fighter,80,C,50.25%,0.56%,0.05%,49.28%,52.19%,51.65%,"79,671",4.16,"1,295","25,222",5.02,1.12,9.71,2026-05-07,19
Zhou Yu,Mage,81,C,50.68%,0.57%,0.02%,53.11%,48.62%,47.37%,"98,770",3.54,"1,131","16,568",8.06,0.66,7.16,2026-05-07,19
Nakoruru,Assassin,82,C,50.01%,0.54%,0.05%,44.36%,47.80%,52.45%,"72,721",6.55,"1,455","16,691",4.7,0.42,3.49,2026-05-07,19
Nezha,Fighter/Tank,83,C,51.69%,0.51%,0.06%,47.06%,52.57%,54.66%,"80,461",5.56,"1,356","22,274",7.64,0.32,2.55,2026-05-07,19
Gan & Mo,Mage,84,C,50.94%,0.46%,0.14%,52.80%,49.29%,49.50%,"105,190",4.14,"1,462","15,382",6.33,0.28,2.0,2026-05-07,19
Lapulapu,Support/Tank,85,C,55.25%,0.49%,0.04%,57.95%,54.94%,54.14%,"53,294",1.84,702,"27,178",12.2,0.18,1.32,2026-05-07,19
Sakeer,Support/Mage,86,C,53.33%,0.49%,0.02%,52.60%,52.18%,50.80%,"51,439",2.01,578,"24,607",12.4,0.22,1.56,2026-05-07,19
Feyd,Assassin,87,C,51.06%,0.45%,0.06%,52.87%,52.78%,54.63%,"76,324",6.8,"1,470","19,409",4.33,0.66,6.22,2026-05-07,19
Ming,Support,88,C,50.43%,0.46%,0.03%,45.44%,50.00%,48.15%,"30,631",1.59,436,"22,351",11.83,0.34,3.28,2026-05-07,19
Shangguan,Mage/Assassin,89,C,49.10%,0.45%,0.04%,51.82%,52.29%,52.57%,"85,502",5.55,"1,163","15,361",5.84,0.47,4.2,2026-05-07,19
Meng Ya,Marksman,90,C,54.08%,0.45%,0.01%,53.59%,52.73%,56.53%,"108,064",5.43,"1,086","17,242",6.48,1.27,11.55,2026-05-07,19
Yuhuan,Mage,91,C,50.26%,0.45%,0.02%,57.65%,52.84%,48.26%,"66,841",2.77,"1,327","25,477",10.14,0.4,3.77,2026-05-07,19
Agudo,Marksman,92,C,52.02%,0.44%,0.03%,57.59%,50.09%,49.42%,"79,790",5.0,"1,430","32,974",6.09,1.3,12.79,2026-05-07,19
Fatih,Fighter,93,C,51.86%,0.43%,0.05%,54.49%,53.61%,50.32%,"81,447",4.45,"1,344","24,083",5.57,0.8,7.28,2026-05-07,19
Liu Bei,Fighter,94,C,54.93%,0.40%,0.04%,49.93%,50.96%,53.89%,"75,817",6.49,"1,539","24,480",4.46,0.91,8.4,2026-05-07,19
Fuzi,Fighter,95,C,53.25%,0.38%,0.09%,54.67%,53.93%,55.01%,"59,442",3.47,"1,079","17,370",5.29,1.25,10.14,2026-05-07,19
Bai Qi,Tank,96,C,52.11%,0.40%,0.05%,51.65%,51.08%,51.52%,"61,158",3.88,"1,052","36,295",6.74,0.34,2.39,2026-05-07,19
Wuyan,Fighter/Tank,97,C,51.65%,0.39%,0.03%,47.05%,48.42%,47.67%,"72,875",3.97,"1,244","26,496",5.47,0.72,6.03,2026-05-07,19
Mulan,Fighter/Assassin,98,C,51.39%,0.38%,0.04%,54.63%,52.88%,48.67%,"77,850",4.59,"1,279","15,842",4.99,0.68,5.42,2026-05-07,19
Guan Yu,Fighter,99,C,48.34%,0.35%,0.11%,55.24%,49.67%,50.82%,"66,327",4.44,972,"19,892",6.06,0.39,2.94,2026-05-07,19
Gao,Mage,100,C,49.12%,0.38%,0.05%,47.11%,46.81%,47.35%,"92,154",5.3,943,"17,187",6.19,0.49,4.55,2026-05-07,19
Ukyo Tachibana,Assassin/Fighter,101,C,50.85%,0.38%,0.02%,53.34%,50.27%,48.92%,"75,241",4.74,"1,448","21,416",5.17,0.81,6.86,2026-05-07,19
Sun Bin,Support/Mage,102,C,49.89%,0.35%,0.03%,56.93%,51.59%,51.79%,"52,426",1.72,394,"28,700",11.9,0.26,2.06,2026-05-07,19
Guiguzi,Support,103,C,52.07%,0.23%,0.25%,52.95%,54.75%,53.16%,"46,092",1.91,674,"21,953",13.89,0.18,1.55,2026-05-07,19
Pei,Assassin,104,C,53.44%,0.28%,0.11%,64.92%,54.70%,50.08%,"74,309",5.61,"1,589","23,866",5.16,1.19,11.05,2026-05-07,19
Yang Jian,Fighter,105,C,50.77%,0.32%,0.02%,50.45%,49.15%,45.71%,"81,899",5.12,"1,404","23,569",5.53,0.47,3.98,2026-05-07,19
Sima Yi,Assassin/Mage,106,C,46.33%,0.22%,0.02%,40.46%,45.66%,52.85%,"70,516",6.09,"1,403","16,646",5.23,0.47,4.26,2026-05-07,19
Dharma,Fighter/Tank,107,C,51.64%,0.21%,0.02%,61.03%,55.18%,52.28%,"62,315",3.76,"1,156","21,633",6.05,0.59,4.66,2026-05-07,19
Cirrus,Assassin,108,C,52.26%,0.21%,0.01%,44.94%,54.04%,57.59%,"65,400",5.62,"1,437","19,681",5.31,0.74,6.1,2026-05-07,19
Liu Bang,Tank/Mage,109,C,49.79%,0.21%,0.01%,52.43%,50.76%,47.16%,"57,517",3.72,"1,024","27,642",9.19,0.41,3.85,2026-05-07,19
Menki,Fighter/Mage,110,C,52.59%,0.20%,0.02%,60.95%,55.79%,51.83%,"72,686",3.76,"1,295","31,761",6.63,0.66,5.87,2026-05-07,19
Xuance,Assassin,111,C,52.54%,0.19%,0.03%,59.33%,53.18%,49.58%,"65,828",5.95,"1,607","16,941",5.21,1.0,9.6,2026-05-07,19
Athena,Fighter/Assassin,112,C,53.69%,0.07%,0.00%,48.69%,50.94%,48.95%,"79,414",5.48,"1,382","18,202",5.55,0.68,6.08,2026-05-07,19
Angela,Mage,1,S,52.17%,2.37%,3.43%,44.22%,49.25%,50.08%,"87,807",5.19,874,"17,600",6.08,0.38,3.18,2026-05-14,20
Daji,Mage,2,S,50.84%,2.31%,3.22%,40.96%,47.92%,50.26%,"88,831",4.66,784,"13,622",6.65,0.26,2.1,2026-05-14,20
Augran,Fighter,3,S,47.36%,1.09%,5.23%,41.54%,45.80%,47.74%,"84,861",7.07,"1,372","20,284",3.95,0.6,5.05,2026-05-14,20
Milady,Mage,4,S,49.02%,1.76%,3.76%,48.73%,45.10%,45.17%,"91,871",3.03,"1,236","11,922",6.24,1.56,16.77,2026-05-14,20
Ao'yin,Marksman,5,S,48.34%,1.50%,4.16%,55.60%,50.22%,48.32%,"94,554",4.91,"1,018","21,157",6.21,1.15,9.83,2026-05-14,20
Liang,Mage,6,S,50.86%,0.78%,4.88%,43.18%,50.44%,49.40%,"62,495",2.58,895,"17,014",10.46,0.28,2.18,2026-05-14,20
Hou Yi,Marksman,7,S,49.63%,3.01%,0.20%,45.22%,49.44%,51.44%,"98,451",4.67,852,"15,010",6.69,1.21,10.68,2026-05-14,20
Haya,Mage,8,S,49.81%,0.97%,3.06%,53.92%,52.19%,50.82%,"83,314",5.22,"1,021","19,683",5.65,0.32,2.71,2026-05-14,20
Li Xin,Fighter,9,S,52.81%,1.73%,1.27%,42.58%,44.57%,48.06%,"70,319",3.78,"1,419","19,608",3.5,1.69,14.51,2026-05-14,20
Donghuang,Support/Tank,10,S,48.65%,0.77%,3.18%,43.60%,47.38%,47.97%,"67,284",3.09,715,"26,845",9.79,0.27,2.06,2026-05-14,20
Wang Zhaojun,Mage,11,S,51.11%,1.96%,0.53%,49.77%,49.41%,48.52%,"80,510",3.35,461,"18,603",9.46,0.35,2.78,2026-05-14,20
Marco Polo,Marksman,12,A,50.47%,1.96%,0.29%,46.07%,49.11%,49.22%,"96,878",6.1,"1,341","18,699",5.79,1.04,8.3,2026-05-14,20
Cai Yan,Support,13,A,50.04%,1.21%,1.75%,46.19%,47.28%,48.71%,"28,957",0.77,170,"31,021",11.96,0.28,2.37,2026-05-14,20
Xiao Qiao,Mage,14,A,48.61%,1.92%,0.16%,50.38%,49.32%,49.40%,"91,079",4.3,675,"14,543",6.94,0.28,2.31,2026-05-14,20
Dolia,Support,15,A,46.09%,1.74%,0.50%,47.97%,48.06%,46.73%,"40,913",1.11,189,"30,164",12.81,0.25,2.06,2026-05-14,20
Allain,Fighter,16,A,50.77%,1.77%,0.16%,44.69%,48.58%,50.13%,"78,234",5.23,"1,269","22,993",4.87,0.47,3.59,2026-05-14,20
Lady Sun,Marksman,17,A,48.42%,1.77%,0.09%,49.34%,46.90%,47.52%,"94,754",5.24,"1,043","17,442",5.62,1.35,12.58,2026-05-14,20
Luara,Marksman,18,A,53.32%,1.70%,0.19%,45.23%,50.19%,52.01%,"101,278",5.65,929,"15,587",6.17,1.29,11.55,2026-05-14,20
Mozi,Mage/Fighter,19,A,49.74%,1.23%,1.09%,50.27%,48.59%,51.76%,"63,341",2.1,686,"24,080",10.79,0.39,3.13,2026-05-14,20
Chicha,Fighter,20,A,50.38%,1.53%,0.38%,55.77%,52.50%,51.92%,"79,882",5.28,"1,377","19,868",4.81,0.89,7.78,2026-05-14,20
Kaizer,Fighter/Tank,21,A,52.01%,1.64%,0.14%,48.45%,50.51%,48.12%,"76,424",5.23,"1,380","21,177",5.08,0.71,6.09,2026-05-14,20
Yaria,Support,22,A,48.49%,1.09%,1.24%,55.53%,53.37%,49.35%,"37,406",1.27,320,"18,712",12.39,0.13,1.03,2026-05-14,20
Consort Yu,Marksman,23,A,51.87%,1.59%,0.17%,45.61%,49.55%,52.50%,"97,799",5.18,953,"16,471",6.02,1.32,11.74,2026-05-14,20
Luban No.7,Marksman,24,A,50.34%,1.59%,0.14%,42.48%,43.90%,50.50%,"108,349",4.88,764,"14,574",6.86,1.24,11.41,2026-05-14,20
Zhang Fei,Support/Tank,25,A,49.63%,1.37%,0.58%,51.30%,50.87%,51.03%,"39,872",1.73,"1,174","39,652",11.09,0.23,1.76,2026-05-14,20
Erin,Marksman,26,A,51.47%,1.56%,0.16%,53.57%,51.49%,48.83%,"105,028",5.72,"1,111","17,547",6.01,1.29,11.5,2026-05-14,20
Dyadia,Support/Mage,27,A,48.24%,1.11%,1.04%,52.44%,50.17%,48.83%,"43,361",1.87,161,"20,670",11.75,0.21,1.82,2026-05-14,20
Arthur,Fighter/Tank,28,A,50.80%,1.53%,0.15%,44.31%,49.64%,47.69%,"74,538",4.22,"1,106","28,795",6.45,0.57,4.84,2026-05-14,20
Kongming,Mage,29,A,48.88%,1.43%,0.23%,49.79%,50.32%,47.04%,"98,350",5.92,"1,404","18,172",5.74,0.28,2.3,2026-05-14,20
Garo,Marksman,30,A,53.32%,1.40%,0.26%,46.49%,49.47%,50.23%,"101,592",5.72,784,"15,496",6.36,1.23,11.1,2026-05-14,20
Dun,Tank/Fighter,31,A,51.64%,1.29%,0.24%,39.44%,45.83%,47.83%,"70,972",3.4,"1,109","32,944",6.97,0.53,4.21,2026-05-14,20
Wukong,Assassin,32,A,49.73%,1.25%,0.26%,45.32%,49.29%,48.69%,"71,063",6.2,"1,498","19,557",4.38,0.61,5.53,2026-05-14,20
Lu Bu,Fighter/Tank,33,A,48.19%,1.26%,0.20%,41.68%,44.98%,48.68%,"76,705",4.16,"1,142","21,736",6.12,0.53,4.11,2026-05-14,20
Dian Wei,Fighter,34,B,51.99%,1.09%,0.30%,40.06%,49.42%,47.68%,"80,807",6.2,"1,440","19,087",5.03,0.7,6.33,2026-05-14,20
Mayene,Fighter,35,B,46.70%,1.13%,0.23%,47.82%,49.36%,49.32%,"65,990",4.76,"1,084","17,647",4.63,0.53,4.05,2026-05-14,20
Musashi,Fighter/Assassin,36,B,51.06%,1.10%,0.19%,41.64%,48.65%,52.04%,"68,680",5.64,"1,424","19,108",5.3,0.48,4.42,2026-05-14,20
Nuwa,Mage,37,B,52.00%,0.95%,0.47%,52.58%,52.80%,52.71%,"94,083",3.73,732,"15,749",8.41,0.23,1.82,2026-05-14,20
Lam,Assassin/Fighter,38,B,48.59%,0.93%,0.47%,42.61%,46.97%,49.36%,"73,022",6.58,"1,491","18,557",4.58,0.46,4.03,2026-05-14,20
Mi Yue,Mage/Fighter,39,B,50.17%,0.75%,0.75%,50.22%,50.09%,44.50%,"75,271",4.21,"1,320","20,340",4.27,1.14,9.43,2026-05-14,20
Kui,Support/Mage,40,B,50.25%,0.93%,0.39%,46.87%,49.04%,46.91%,"50,952",2.78,383,"23,294",12.17,0.14,1.01,2026-05-14,20
Zhuangzi,Support/Tank,41,B,49.97%,0.64%,0.96%,42.49%,50.01%,50.85%,"49,339",1.71,992,"35,124",11.53,0.19,1.42,2026-05-14,20
Lady Zhen,Mage,42,B,51.30%,1.08%,0.05%,48.22%,49.62%,46.81%,"96,744",3.16,501,"16,085",8.6,0.25,1.99,2026-05-14,20
Flowborn (Marksman),Marksman,43,B,52.34%,1.07%,0.06%,56.03%,52.53%,50.56%,"112,200",4.82,919,"18,207",5.98,1.39,12.86,2026-05-14,20
Da Qiao,Support/Mage,44,B,48.80%,0.87%,0.44%,52.54%,49.41%,48.57%,"66,823",1.8,534,"26,511",12.22,0.29,2.2,2026-05-14,20
Arli,Marksman,45,B,47.08%,0.89%,0.38%,47.35%,50.33%,50.96%,"86,469",5.25,"1,463","17,357",5.2,1.05,9.09,2026-05-14,20
Ying,Fighter/Assassin,46,B,52.72%,0.98%,0.11%,52.02%,52.00%,50.38%,"80,926",5.35,"1,410","19,636",6.33,0.6,5.32,2026-05-14,20
Fang,Marksman,47,B,50.57%,1.00%,0.04%,51.16%,45.47%,49.79%,"90,181",5.69,"1,456","16,054",6.7,1.15,10.13,2026-05-14,20
Arke,Assassin,48,B,52.02%,0.60%,0.81%,44.22%,50.27%,51.23%,"67,611",6.78,"1,364","19,071",4.77,0.45,4.03,2026-05-14,20
Heino,Mage/Fighter,49,B,48.75%,0.88%,0.18%,49.61%,46.13%,44.69%,"104,214",3.0,995,"34,453",6.59,0.48,3.82,2026-05-14,20
Alessio,Marksman,50,B,51.54%,0.93%,0.04%,43.67%,47.40%,51.98%,"102,446",4.96,888,"16,399",6.46,1.35,12.75,2026-05-14,20
Lian Po,Tank,51,B,51.14%,0.89%,0.09%,45.98%,49.81%,53.33%,"102,919",2.12,780,"33,418",10.32,0.44,3.49,2026-05-14,20
Charlotte,Fighter,52,B,50.26%,0.88%,0.11%,55.13%,51.97%,51.47%,"81,447",4.49,"1,263","20,656",5.26,0.57,4.82,2026-05-14,20
Garuda,Mage,53,B,51.35%,0.90%,0.04%,51.29%,51.49%,50.64%,"141,613",4.13,"1,045","19,355",7.06,0.55,5.04,2026-05-14,20
Ziya,Mage,54,B,51.05%,0.86%,0.10%,44.12%,47.62%,51.89%,"93,420",3.24,756,"15,752",8.54,0.34,3.24,2026-05-14,20
Biron,Fighter/Tank,55,B,48.42%,0.84%,0.09%,52.97%,49.52%,47.91%,"67,709",2.96,919,"28,274",5.95,0.63,5.34,2026-05-14,20
Mai Shiranui,Assassin/Mage,56,B,48.73%,0.79%,0.16%,58.95%,50.80%,50.00%,"81,073",4.39,"1,245","17,756",6.49,0.28,2.31,2026-05-14,20
Changgong,Assassin,57,B,49.13%,0.54%,0.65%,41.73%,46.35%,52.40%,"67,932",6.5,"1,256","15,024",5.94,0.33,2.76,2026-05-14,20
Liu Shan,Support/Tank,58,B,49.43%,0.81%,0.10%,42.28%,46.90%,53.78%,"45,524",2.08,540,"29,635",9.35,1.25,11.97,2026-05-14,20
Shouyue,Marksman/Assassin,59,B,51.30%,0.81%,0.08%,45.43%,51.38%,54.37%,"101,779",4.49,962,"17,255",6.79,1.11,9.53,2026-05-14,20
Sun Ce,Fighter/Tank,60,B,49.48%,0.84%,0.03%,45.79%,46.52%,45.38%,"67,290",4.83,"1,262","17,301",8.25,0.5,3.99,2026-05-14,20
Flowborn (Tank),Tank/Fighter,61,B,48.53%,0.79%,0.11%,45.03%,47.01%,46.51%,"86,959",3.56,"1,118","29,090",5.72,0.64,5.28,2026-05-14,20
Di Renjie,Marksman,62,B,51.44%,0.83%,0.02%,51.54%,49.07%,45.15%,"96,784",4.54,926,"18,694",6.84,1.38,12.8,2026-05-14,20
Diaochan,Mage,63,B,48.39%,0.78%,0.09%,48.04%,51.42%,53.39%,"91,287",4.67,"1,190","18,711",5.66,0.3,2.48,2026-05-14,20
Xiang Yu,Tank/Fighter,64,B,51.18%,0.77%,0.04%,44.97%,46.48%,48.27%,"74,406",3.66,979,"21,500",7.15,0.52,4.12,2026-05-14,20
Yixing,Mage,65,B,51.92%,0.72%,0.04%,47.66%,50.24%,49.54%,"82,863",3.52,908,"21,127",10.37,0.37,3.12,2026-05-14,20
Nakoruru,Assassin,66,B,50.52%,0.68%,0.07%,42.40%,47.72%,52.55%,"75,745",6.7,"1,467","16,769",4.74,0.42,3.51,2026-05-14,20
Li Bai,Assassin,67,B,52.37%,0.62%,0.18%,48.73%,49.15%,51.50%,"84,953",5.13,"1,453","18,055",5.61,0.55,4.78,2026-05-14,20
Chano,Marksman,68,C,50.01%,0.68%,0.07%,51.51%,53.69%,51.32%,"95,670",5.06,"1,174","16,265",6.04,1.18,10.93,2026-05-14,20
Luna,Fighter/Mage,69,C,48.98%,0.54%,0.32%,54.83%,48.81%,47.07%,"79,557",5.16,"1,554","24,439",5.54,0.49,4.56,2026-05-14,20
Shi,Mage,70,C,50.36%,0.57%,0.24%,56.64%,51.46%,50.47%,"81,871",3.03,554,"17,505",9.28,0.24,1.96,2026-05-14,20
Ata,Tank,71,C,53.82%,0.66%,0.05%,56.84%,51.54%,51.59%,"74,270",3.74,"1,166","42,813",6.45,0.55,4.38,2026-05-14,20
Dr Bian,Mage,72,C,50.02%,0.63%,0.10%,49.65%,46.79%,50.35%,"78,202",3.23,"1,073","22,070",9.27,0.36,3.12,2026-05-14,20
Yao,Fighter/Assassin,73,C,51.06%,0.62%,0.05%,49.16%,50.11%,50.08%,"78,215",5.26,"1,526","21,791",4.97,0.55,4.57,2026-05-14,20
Jing,Assassin,74,C,45.47%,0.53%,0.23%,50.16%,48.69%,52.79%,"64,923",4.97,"1,516","19,995",4.72,0.55,5.15,2026-05-14,20
Zilong,Fighter/Assassin,75,C,52.67%,0.61%,0.02%,46.13%,47.24%,48.22%,"74,809",5.69,"1,411","21,208",5.69,0.51,4.36,2026-05-14,20
Han Xin,Assassin,76,C,54.06%,0.51%,0.20%,57.00%,53.10%,51.18%,"70,513",5.5,"1,635","21,593",4.88,1.16,10.57,2026-05-14,20
Flowborn (Mage),Mage,77,C,51.08%,0.58%,0.07%,49.65%,51.21%,51.28%,"99,498",4.54,889,"14,986",7.12,0.35,2.88,2026-05-14,20
Umbrosa,Fighter,78,C,49.94%,0.58%,0.05%,55.41%,51.49%,54.13%,"82,959",4.15,"1,296","25,247",5.06,1.12,9.65,2026-05-14,20
Butterfly,Fighter,79,C,52.51%,0.57%,0.06%,46.57%,48.56%,44.75%,"79,270",6.69,"1,461","22,396",4.76,0.53,4.41,2026-05-14,20
Yango,Assassin,80,C,49.75%,0.48%,0.23%,58.61%,51.50%,52.30%,"79,424",4.07,"1,170","16,705",6.13,0.64,5.22,2026-05-14,20
Huang Zhong,Marksman,81,C,50.83%,0.57%,0.02%,44.32%,48.77%,50.14%,"101,160",4.92,954,"17,059",6.06,1.26,11.96,2026-05-14,20
Zhou Yu,Mage,82,C,50.82%,0.56%,0.02%,53.75%,46.94%,50.66%,"98,014",3.53,"1,107","16,811",8.11,0.66,7.22,2026-05-14,20
Nezha,Fighter/Tank,83,C,52.11%,0.53%,0.07%,46.53%,54.17%,55.26%,"80,490",5.61,"1,355","22,164",7.63,0.32,2.56,2026-05-14,20
Lapulapu,Support/Tank,84,C,55.44%,0.52%,0.04%,56.47%,56.21%,53.16%,"53,606",1.83,775,"27,324",12.31,0.18,1.31,2026-05-14,20
Sakeer,Support/Mage,85,C,53.01%,0.51%,0.03%,52.09%,50.67%,50.93%,"51,152",1.98,282,"24,605",12.4,0.22,1.53,2026-05-14,20
Gan & Mo,Mage,86,C,50.74%,0.46%,0.13%,53.22%,50.06%,51.01%,"104,945",4.1,"1,508","15,359",6.36,0.28,2.0,2026-05-14,20
Gao,Mage,87,C,50.33%,0.46%,0.07%,46.02%,48.52%,54.11%,"94,514",5.42,"1,059","17,414",6.32,0.49,4.64,2026-05-14,20
Ming,Support,88,C,50.59%,0.46%,0.03%,46.62%,50.48%,46.41%,"30,418",1.58,375,"22,400",11.89,0.34,3.29,2026-05-14,20
Agudo,Marksman,89,C,52.07%,0.45%,0.04%,59.07%,51.05%,50.42%,"80,061",5.04,"1,427","33,118",6.13,1.29,12.73,2026-05-14,20
Yuhuan,Mage,90,C,50.55%,0.46%,0.02%,58.81%,53.71%,49.61%,"66,931",2.78,"1,297","25,713",10.24,0.4,3.74,2026-05-14,20
Fatih,Fighter,91,C,51.32%,0.44%,0.05%,53.33%,53.14%,50.81%,"81,163",4.42,"1,337","24,127",5.57,0.79,7.22,2026-05-14,20
Meng Ya,Marksman,92,C,54.04%,0.45%,0.01%,49.07%,51.29%,51.53%,"107,322",5.43,"1,149","17,188",6.53,1.26,11.54,2026-05-14,20
Bai Qi,Tank,93,C,52.31%,0.43%,0.05%,52.36%,51.67%,48.12%,"61,537",3.92,"1,064","36,645",6.79,0.34,2.38,2026-05-14,20
Feyd,Assassin,94,C,51.42%,0.42%,0.07%,51.83%,55.14%,55.10%,"77,126",6.91,"1,476","19,609",4.37,0.68,6.36,2026-05-14,20
Fuzi,Fighter,95,C,52.93%,0.41%,0.08%,53.92%,54.79%,53.98%,"59,405",3.43,"1,082","17,292",5.34,1.23,10.02,2026-05-14,20
Liu Bei,Fighter,96,C,54.86%,0.42%,0.04%,44.06%,51.57%,53.37%,"75,846",6.49,"1,544","24,533",4.48,0.91,8.41,2026-05-14,20
Shangguan,Mage/Assassin,97,C,48.83%,0.41%,0.04%,52.95%,50.82%,48.64%,"86,178",5.62,"1,204","15,431",5.87,0.46,4.2,2026-05-14,20
Wuyan,Fighter/Tank,98,C,51.53%,0.41%,0.03%,44.60%,45.81%,48.80%,"72,840",3.98,"1,237","26,626",5.54,0.71,5.98,2026-05-14,20
Mulan,Fighter/Assassin,99,C,51.38%,0.39%,0.04%,56.94%,52.11%,51.11%,"76,484",4.56,"1,246","15,788",4.99,0.68,5.35,2026-05-14,20
Guan Yu,Fighter,100,C,48.03%,0.36%,0.11%,53.89%,49.39%,52.16%,"66,257",4.48,"1,165","19,769",6.09,0.37,2.89,2026-05-14,20
Ukyo Tachibana,Assassin/Fighter,101,C,51.20%,0.37%,0.02%,54.61%,51.34%,52.20%,"75,515",4.75,"1,464","21,516",5.19,0.8,6.91,2026-05-14,20
Sun Bin,Support/Mage,102,C,50.10%,0.36%,0.03%,54.91%,52.64%,50.74%,"54,482",1.7,412,"29,093",11.99,0.26,2.04,2026-05-14,20
Guiguzi,Support,103,C,51.26%,0.24%,0.26%,52.74%,54.14%,53.76%,"46,589",1.9,297,"22,058",13.87,0.18,1.49,2026-05-14,20
Pei,Assassin,104,C,53.21%,0.30%,0.11%,66.58%,53.94%,48.46%,"73,345",5.61,"1,588","23,970",5.12,1.19,11.02,2026-05-14,20
Yang Jian,Fighter,105,C,51.40%,0.32%,0.02%,53.22%,51.27%,49.40%,"81,541",5.13,"1,402","23,603",5.56,0.47,3.98,2026-05-14,20
Cirrus,Assassin,106,C,52.49%,0.23%,0.01%,45.05%,53.93%,52.56%,"65,836",5.67,"1,439","19,797",5.37,0.73,6.03,2026-05-14,20
Dharma,Fighter/Tank,107,C,51.96%,0.22%,0.01%,61.09%,54.74%,53.13%,"62,367",3.79,"1,214","21,663",6.1,0.59,4.59,2026-05-14,20
Sima Yi,Assassin/Mage,108,C,46.42%,0.22%,0.02%,42.99%,47.34%,49.39%,"70,804",6.12,"1,402","16,758",5.29,0.47,4.24,2026-05-14,20
Liu Bang,Tank/Mage,109,C,49.38%,0.22%,0.01%,48.75%,48.14%,48.52%,"57,315",3.72,"1,059","27,575",9.26,0.4,3.77,2026-05-14,20
Menki,Fighter/Mage,110,C,52.24%,0.21%,0.02%,62.83%,57.50%,48.28%,"73,441",3.82,"1,307","32,075",6.63,0.67,5.87,2026-05-14,20
Xuance,Assassin,111,C,52.06%,0.18%,0.02%,57.01%,51.53%,52.83%,"65,049",5.9,"1,593","16,855",5.25,1.01,9.66,2026-05-14,20
Athena,Fighter/Assassin,112,C,54.55%,0.07%,0.00%,55.71%,49.60%,50.53%,"79,513",5.48,"1,391","18,146",5.55,0.69,6.3,2026-05-14,20
Angela,Mage,1,S,51.96%,2.31%,3.15%,46.01%,48.67%,50.76%,"86,638",5.2,935,"17,720",6.1,0.38,3.17,2026-05-21,21
Daji,Mage,2,S,50.86%,2.38%,2.83%,42.08%,47.34%,50.71%,"88,251",4.65,851,"13,659",6.66,0.26,2.09,2026-05-21,21
Augran,Fighter,3,S,46.98%,1.10%,5.31%,39.42%,45.15%,46.30%,"85,089",7.04,"1,376","20,254",3.96,0.6,5.1,2026-05-21,21
Ao'yin,Marksman,4,S,48.43%,1.46%,4.44%,55.86%,49.28%,49.31%,"94,341",4.92,"1,049","21,166",6.23,1.15,9.81,2026-05-21,21
Milady,Mage,5,S,48.85%,1.79%,3.26%,46.54%,44.12%,43.72%,"96,566",3.01,"1,264","11,948",6.21,1.55,16.8,2026-05-21,21
Liang,Mage,6,S,51.01%,0.78%,5.10%,46.80%,50.50%,47.89%,"62,406",2.58,"1,082","17,073",10.58,0.27,2.15,2026-05-21,21
Hou Yi,Marksman,7,S,49.52%,2.94%,0.20%,45.74%,49.18%,47.75%,"96,823",4.67,854,"15,088",6.7,1.21,10.72,2026-05-21,21
Haya,Mage,8,S,49.78%,0.94%,3.08%,54.34%,53.25%,52.73%,"82,720",5.19,"1,001","19,708",5.66,0.32,2.72,2026-05-21,21
Li Xin,Fighter,9,S,52.65%,1.79%,1.30%,42.94%,43.42%,48.46%,"70,401",3.76,"1,415","19,724",3.52,1.69,14.53,2026-05-21,21
Donghuang,Support/Tank,10,S,48.62%,0.79%,3.29%,41.53%,48.18%,51.46%,"66,405",3.12,780,"26,988",9.8,0.27,2.08,2026-05-21,21
Wang Zhaojun,Mage,11,S,51.06%,1.98%,0.58%,49.09%,49.20%,49.38%,"78,549",3.32,448,"18,623",9.53,0.35,2.75,2026-05-21,21
Cai Yan,Support,12,A,50.12%,1.23%,1.89%,43.69%,46.89%,47.93%,"28,781",0.77,140,"31,136",12.0,0.28,2.36,2026-05-21,21
Marco Polo,Marksman,13,A,50.29%,1.99%,0.30%,45.38%,49.83%,48.78%,"96,381",6.07,"1,374","18,600",5.78,1.04,8.3,2026-05-21,21
Dolia,Support,14,A,46.06%,1.77%,0.51%,46.89%,48.22%,48.67%,"42,937",1.11,196,"30,043",12.83,0.25,2.07,2026-05-21,21
Xiao Qiao,Mage,15,A,48.70%,1.89%,0.16%,49.02%,49.33%,50.93%,"90,839",4.3,724,"14,570",6.97,0.28,2.3,2026-05-21,21
Lady Sun,Marksman,16,A,48.31%,1.90%,0.08%,49.09%,45.61%,49.88%,"93,708",5.25,"1,132","17,462",5.62,1.35,12.57,2026-05-21,21
Mozi,Mage/Fighter,17,A,50.00%,1.25%,1.09%,51.19%,49.45%,49.95%,"63,198",2.09,849,"24,202",10.9,0.39,3.14,2026-05-21,21
Luara,Marksman,18,A,53.10%,1.69%,0.19%,43.11%,50.14%,53.92%,"100,649",5.63,970,"15,573",6.19,1.28,11.53,2026-05-21,21
Yaria,Support,19,A,48.35%,1.13%,1.26%,54.61%,53.09%,48.93%,"36,513",1.27,264,"18,647",12.4,0.13,1.03,2026-05-21,21
Kaizer,Fighter/Tank,20,A,51.60%,1.65%,0.16%,47.60%,51.82%,49.62%,"76,220",5.24,"1,380","21,166",5.06,0.72,6.1,2026-05-21,21
Chicha,Fighter,21,A,50.18%,1.51%,0.38%,52.97%,50.93%,51.55%,"79,793",5.26,"1,380","19,907",4.79,0.9,7.85,2026-05-21,21
Consort Yu,Marksman,22,A,52.07%,1.58%,0.18%,45.56%,50.44%,50.94%,"97,737",5.2,905,"16,510",6.05,1.32,11.79,2026-05-21,21
Dyadia,Support/Mage,23,A,48.24%,1.14%,1.06%,52.77%,50.35%,47.80%,"43,220",1.86,294,"20,671",11.75,0.21,1.82,2026-05-21,21
Erin,Marksman,24,A,51.62%,1.56%,0.16%,53.42%,51.96%,46.41%,"104,931",5.73,"1,087","17,622",6.03,1.28,11.48,2026-05-21,21
Luban No.7,Marksman,25,A,50.52%,1.57%,0.14%,41.30%,43.98%,55.16%,"106,279",4.9,744,"14,583",6.9,1.24,11.48,2026-05-21,21
Arthur,Fighter/Tank,26,A,50.92%,1.53%,0.15%,42.99%,48.16%,47.32%,"73,889",4.2,"1,105","29,114",6.47,0.56,4.83,2026-05-21,21
Garo,Marksman,27,A,53.18%,1.38%,0.26%,45.43%,49.79%,49.86%,"101,303",5.71,806,"15,529",6.34,1.23,11.07,2026-05-21,21
Kongming,Mage,28,A,49.30%,1.37%,0.22%,49.15%,50.84%,48.73%,"98,944",5.97,"1,406","18,290",5.73,0.28,2.3,2026-05-21,21
Zhang Fei,Support/Tank,29,A,50.02%,1.25%,0.45%,49.36%,51.32%,48.90%,"40,105",1.73,"1,133","40,000",11.15,0.23,1.76,2026-05-21,21
Dian Wei,Fighter,30,A,51.80%,1.23%,0.43%,41.88%,49.15%,45.83%,"80,097",6.25,"1,441","19,041",5.03,0.7,6.33,2026-05-21,21
Dun,Tank/Fighter,31,A,51.22%,1.29%,0.24%,42.12%,47.79%,45.27%,"70,671",3.4,"1,111","33,050",6.94,0.53,4.23,2026-05-21,21
Wukong,Assassin,32,A,49.73%,1.22%,0.25%,46.70%,49.10%,49.40%,"71,347",6.26,"1,500","19,631",4.38,0.61,5.56,2026-05-21,21
Ying,Fighter/Assassin,33,A,52.04%,1.20%,0.22%,51.31%,50.73%,50.41%,"80,878",5.24,"1,402","20,191",6.41,0.57,5.06,2026-05-21,21
Allain,Fighter,34,B,51.02%,1.24%,0.11%,44.10%,48.80%,51.40%,"78,084",5.22,"1,234","22,996",4.91,0.47,3.62,2026-05-21,21
Lu Bu,Fighter/Tank,35,B,48.63%,1.19%,0.15%,41.78%,46.21%,47.88%,"77,784",4.19,"1,089","22,000",6.16,0.54,4.13,2026-05-21,21
Kui,Support/Mage,36,B,50.12%,0.96%,0.42%,47.68%,47.79%,48.80%,"50,024",2.77,377,"23,265",12.15,0.14,0.99,2026-05-21,21
Flowborn (Tank),Tank/Fighter,37,B,48.60%,1.06%,0.22%,46.03%,47.36%,51.62%,"81,053",3.66,"1,140","29,063",5.68,0.65,5.33,2026-05-21,21
Zhuangzi,Support/Tank,38,B,50.11%,0.66%,1.01%,44.67%,50.43%,51.40%,"50,444",1.71,922,"35,158",11.59,0.19,1.39,2026-05-21,21
Lam,Assassin/Fighter,39,B,48.99%,0.93%,0.47%,42.97%,48.05%,50.47%,"73,163",6.66,"1,497","18,738",4.58,0.47,4.09,2026-05-21,21
Da Qiao,Support/Mage,40,B,48.74%,0.91%,0.48%,52.04%,49.14%,49.53%,"68,297",1.81,468,"26,392",12.27,0.28,2.19,2026-05-21,21
Mi Yue,Mage/Fighter,41,B,50.10%,0.76%,0.75%,49.23%,48.76%,46.44%,"75,209",4.18,"1,321","20,335",4.29,1.15,9.48,2026-05-21,21
Musashi,Fighter/Assassin,42,B,50.73%,1.03%,0.18%,42.95%,49.19%,52.02%,"65,928",5.64,"1,422","19,076",5.29,0.48,4.4,2026-05-21,21
Nuwa,Mage,43,B,51.40%,0.89%,0.45%,50.71%,51.14%,52.46%,"93,532",3.68,846,"15,730",8.39,0.23,1.81,2026-05-21,21
Heino,Mage/Fighter,44,B,48.00%,1.01%,0.21%,50.07%,45.29%,44.39%,"103,571",2.98,966,"34,240",6.59,0.47,3.77,2026-05-21,21
Lady Zhen,Mage,45,B,51.09%,1.06%,0.05%,50.26%,50.12%,46.81%,"96,475",3.15,562,"16,080",8.63,0.25,1.98,2026-05-21,21
Flowborn (Marksman),Marksman,46,B,51.91%,1.05%,0.06%,55.93%,52.54%,49.60%,"109,732",4.81,956,"18,300",5.98,1.38,12.86,2026-05-21,21
Fang,Marksman,47,B,50.86%,1.01%,0.04%,48.02%,46.98%,50.08%,"89,845",5.75,"1,459","16,120",6.74,1.16,10.22,2026-05-21,21
Arli,Marksman,48,B,47.25%,0.84%,0.38%,50.00%,51.37%,51.41%,"85,550",5.24,"1,446","17,328",5.2,1.05,9.14,2026-05-21,21
Arke,Assassin,49,B,51.62%,0.58%,0.80%,43.16%,50.38%,52.62%,"67,858",6.79,"1,369","19,184",4.8,0.45,4.02,2026-05-21,21
Lian Po,Tank,50,B,50.95%,0.92%,0.10%,46.22%,49.14%,53.83%,"89,194",2.1,791,"34,003",10.28,0.44,3.45,2026-05-21,21
Alessio,Marksman,51,B,51.53%,0.92%,0.04%,46.00%,50.44%,49.74%,"102,907",4.96,775,"16,440",6.5,1.35,12.81,2026-05-21,21
Mayene,Fighter,52,B,47.59%,0.87%,0.13%,51.58%,51.25%,49.62%,"66,556",4.85,"1,071","17,955",4.67,0.54,4.14,2026-05-21,21
Ziya,Mage,53,B,51.17%,0.86%,0.10%,47.55%,47.79%,53.32%,"93,344",3.24,658,"15,773",8.61,0.33,3.23,2026-05-21,21
Nakoruru,Assassin,54,B,51.07%,0.85%,0.11%,44.60%,49.72%,45.19%,"75,878",6.88,"1,476","16,775",4.75,0.43,3.59,2026-05-21,21
Garuda,Mage,55,B,51.40%,0.87%,0.04%,51.05%,51.20%,52.90%,"120,863",4.11,884,"19,682",7.02,0.54,4.99,2026-05-21,21
Liu Shan,Support/Tank,56,B,49.30%,0.84%,0.11%,42.75%,45.39%,55.63%,"46,228",2.07,584,"29,717",9.32,1.25,12.01,2026-05-21,21
Biron,Fighter/Tank,57,B,48.47%,0.85%,0.09%,52.63%,49.81%,50.33%,"67,699",2.97,886,"28,446",5.96,0.64,5.38,2026-05-21,21
Shouyue,Marksman/Assassin,58,B,51.44%,0.82%,0.09%,45.30%,51.30%,54.87%,"101,982",4.5,"1,039","17,299",6.82,1.12,9.63,2026-05-21,21
Sun Ce,Fighter/Tank,59,B,49.04%,0.85%,0.03%,44.08%,46.81%,47.73%,"66,998",4.81,"1,258","17,205",8.2,0.49,3.98,2026-05-21,21
Di Renjie,Marksman,60,B,51.44%,0.84%,0.02%,51.48%,48.75%,46.41%,"96,528",4.54,848,"18,760",6.88,1.38,12.82,2026-05-21,21
Changgong,Assassin,61,B,49.05%,0.53%,0.64%,43.54%,48.44%,53.73%,"68,213",6.56,"1,258","15,034",5.97,0.33,2.77,2026-05-21,21
Mai Shiranui,Assassin/Mage,62,B,48.98%,0.77%,0.16%,59.10%,52.11%,49.85%,"80,930",4.38,"1,179","17,882",6.5,0.28,2.32,2026-05-21,21
Charlotte,Fighter,63,B,50.84%,0.81%,0.07%,57.79%,50.73%,51.57%,"82,212",4.49,"1,256","21,089",5.32,0.58,4.87,2026-05-21,21
Diaochan,Mage,64,B,48.65%,0.80%,0.09%,47.52%,51.98%,51.27%,"92,048",4.74,"1,184","18,822",5.68,0.29,2.45,2026-05-21,21
Xiang Yu,Tank/Fighter,65,B,51.03%,0.80%,0.05%,44.98%,47.98%,50.32%,"71,967",3.68,"1,056","21,543",7.21,0.51,4.03,2026-05-21,21
Han Xin,Assassin,66,B,53.14%,0.65%,0.21%,55.24%,51.87%,52.06%,"69,789",5.47,"1,632","21,478",4.87,1.14,10.3,2026-05-21,21
Yixing,Mage,67,B,51.67%,0.72%,0.04%,47.09%,50.50%,47.28%,"82,077",3.52,882,"21,105",10.35,0.37,3.12,2026-05-21,21
Ata,Tank,68,C,53.87%,0.67%,0.06%,58.62%,51.32%,52.12%,"74,955",3.78,"1,182","42,944",6.45,0.56,4.43,2026-05-21,21
Chano,Marksman,69,C,50.48%,0.67%,0.07%,54.35%,53.92%,53.70%,"95,815",5.08,"1,180","16,328",6.06,1.19,11.03,2026-05-21,21
Li Bai,Assassin,70,C,52.28%,0.61%,0.17%,47.15%,50.42%,53.46%,"84,265",5.13,"1,449","18,040",5.61,0.55,4.75,2026-05-21,21
Shi,Mage,71,C,50.74%,0.57%,0.25%,55.69%,52.38%,49.46%,"82,059",3.04,594,"17,677",9.39,0.24,1.96,2026-05-21,21
Luna,Fighter/Mage,72,C,48.56%,0.51%,0.32%,55.05%,49.34%,48.69%,"79,422",5.14,"1,556","24,559",5.53,0.49,4.6,2026-05-21,21
Dr Bian,Mage,73,C,50.13%,0.61%,0.10%,48.36%,47.87%,51.98%,"77,439",3.22,"1,022","22,185",9.3,0.36,3.1,2026-05-21,21
Gao,Mage,74,C,51.15%,0.59%,0.12%,47.38%,51.26%,49.02%,"97,182",5.6,"1,059","17,674",6.38,0.51,4.75,2026-05-21,21
Flowborn (Mage),Mage,75,C,51.38%,0.59%,0.07%,49.82%,52.37%,51.28%,"97,594",4.62,928,"15,183",7.16,0.36,2.9,2026-05-21,21
Umbrosa,Fighter,76,C,49.70%,0.60%,0.06%,51.03%,51.51%,52.17%,"79,106",4.12,"1,290","25,384",5.02,1.14,9.87,2026-05-21,21
Yao,Fighter/Assassin,77,C,51.19%,0.57%,0.05%,49.49%,49.94%,49.40%,"78,582",5.31,"1,529","21,871",4.96,0.56,4.61,2026-05-21,21
Zilong,Fighter/Assassin,78,C,52.49%,0.58%,0.02%,46.76%,49.24%,47.37%,"72,212",5.71,"1,412","20,954",5.68,0.51,4.36,2026-05-21,21
Nezha,Fighter/Tank,79,C,51.49%,0.54%,0.08%,47.10%,53.68%,52.63%,"80,325",5.61,"1,353","22,041",7.61,0.32,2.55,2026-05-21,21
Butterfly,Fighter,80,C,52.49%,0.54%,0.06%,47.81%,47.41%,44.44%,"79,143",6.69,"1,464","22,277",4.74,0.53,4.45,2026-05-21,21
Yango,Assassin,81,C,49.70%,0.47%,0.21%,57.40%,52.07%,50.00%,"79,377",4.06,"1,203","16,802",6.12,0.64,5.2,2026-05-21,21
Zhou Yu,Mage,82,C,50.75%,0.55%,0.02%,52.66%,45.89%,47.86%,"98,160",3.55,"1,001","16,812",8.11,0.66,7.21,2026-05-21,21
Lapulapu,Support/Tank,83,C,55.24%,0.52%,0.04%,55.39%,56.72%,53.40%,"51,665",1.85,508,"27,353",12.33,0.18,1.31,2026-05-21,21
Huang Zhong,Marksman,84,C,50.80%,0.53%,0.02%,46.74%,47.59%,53.51%,"99,780",4.86,"1,049","16,987",6.05,1.25,11.95,2026-05-21,21
Jing,Assassin,85,C,45.52%,0.46%,0.18%,49.91%,49.28%,51.64%,"66,084",5.07,"1,522","20,330",4.73,0.56,5.31,2026-05-21,21
Sakeer,Support/Mage,86,C,53.61%,0.52%,0.03%,55.35%,51.68%,49.46%,"50,901",1.98,490,"24,847",12.46,0.22,1.55,2026-05-21,21
Gan & Mo,Mage,87,C,50.18%,0.46%,0.13%,52.20%,48.12%,50.39%,"104,444",4.07,"1,450","15,372",6.35,0.28,1.98,2026-05-21,21
Fuzi,Fighter,88,C,53.11%,0.45%,0.08%,52.51%,56.47%,55.08%,"59,073",3.43,"1,113","17,451",5.38,1.24,10.09,2026-05-21,21
Ming,Support,89,C,50.44%,0.47%,0.03%,48.46%,49.91%,49.22%,"30,330",1.59,673,"22,430",11.87,0.33,3.29,2026-05-21,21
Yuhuan,Mage,90,C,50.55%,0.47%,0.02%,59.73%,51.55%,51.26%,"66,776",2.78,"1,309","25,755",10.27,0.41,3.72,2026-05-21,21
Meng Ya,Marksman,91,C,53.78%,0.45%,0.01%,49.94%,49.61%,50.67%,"107,192",5.44,"1,117","17,194",6.53,1.27,11.58,2026-05-21,21
Agudo,Marksman,92,C,52.03%,0.44%,0.04%,57.30%,49.19%,46.43%,"80,193",5.04,"1,433","33,421",6.14,1.3,12.82,2026-05-21,21
Bai Qi,Tank,93,C,51.99%,0.43%,0.05%,51.85%,51.11%,47.97%,"60,976",3.9,"1,026","37,079",6.78,0.34,2.37,2026-05-21,21
Fatih,Fighter,94,C,52.21%,0.43%,0.05%,56.74%,52.53%,53.36%,"82,006",4.42,"1,334","24,211",5.61,0.8,7.35,2026-05-21,21
Liu Bei,Fighter,95,C,54.71%,0.42%,0.04%,47.27%,47.67%,50.00%,"77,605",6.51,"1,539","24,564",4.47,0.91,8.45,2026-05-21,21
Feyd,Assassin,96,C,50.87%,0.41%,0.07%,52.98%,53.56%,55.11%,"77,188",6.95,"1,473","19,680",4.37,0.68,6.38,2026-05-21,21
Shangguan,Mage/Assassin,97,C,48.33%,0.42%,0.04%,51.67%,50.71%,48.46%,"85,724",5.56,"1,211","15,406",5.86,0.46,4.17,2026-05-21,21
Wuyan,Fighter/Tank,98,C,51.36%,0.42%,0.03%,48.25%,47.44%,49.21%,"72,252",3.96,"1,241","26,799",5.57,0.71,5.97,2026-05-21,21
Mulan,Fighter/Assassin,99,C,51.24%,0.39%,0.04%,53.83%,51.30%,49.05%,"76,479",4.58,"1,181","15,873",5.02,0.68,5.4,2026-05-21,21
Guan Yu,Fighter,100,C,48.16%,0.36%,0.11%,53.30%,49.95%,49.27%,"66,130",4.49,999,"19,878",6.12,0.37,2.89,2026-05-21,21
Ukyo Tachibana,Assassin/Fighter,101,C,51.28%,0.38%,0.02%,54.20%,52.28%,51.73%,"75,729",4.76,"1,458","21,833",5.25,0.81,7.0,2026-05-21,21
Guiguzi,Support,102,C,51.44%,0.25%,0.27%,54.22%,53.45%,49.66%,"46,257",1.89,790,"22,047",13.94,0.17,1.51,2026-05-21,21
Sun Bin,Support/Mage,103,C,50.77%,0.37%,0.03%,52.79%,51.72%,48.43%,"54,787",1.74,540,"29,331",12.04,0.26,2.06,2026-05-21,21
Yang Jian,Fighter,104,C,51.44%,0.34%,0.02%,54.20%,52.47%,46.11%,"81,921",5.13,"1,396","23,783",5.57,0.47,3.95,2026-05-21,21
Pei,Assassin,105,C,53.06%,0.28%,0.11%,66.65%,53.11%,50.42%,"73,719",5.67,"1,594","24,254",5.14,1.2,11.16,2026-05-21,21
Sima Yi,Assassin/Mage,106,C,46.83%,0.23%,0.02%,42.39%,47.92%,48.13%,"71,575",6.18,"1,395","16,792",5.28,0.48,4.38,2026-05-21,21
Liu Bang,Tank/Mage,107,C,49.18%,0.23%,0.01%,51.08%,50.26%,48.86%,"57,159",3.74,"1,048","27,609",9.19,0.4,3.75,2026-05-21,21
Menki,Fighter/Mage,108,C,51.50%,0.21%,0.02%,59.01%,56.93%,49.85%,"72,747",3.78,"1,287","31,680",6.55,0.68,5.92,2026-05-21,21
Dharma,Fighter/Tank,109,C,51.28%,0.21%,0.02%,59.19%,53.35%,54.03%,"61,807",3.75,"1,176","21,878",6.12,0.58,4.53,2026-05-21,21
Cirrus,Assassin,110,C,52.32%,0.21%,0.01%,47.49%,50.33%,51.46%,"65,916",5.69,"1,443","19,834",5.38,0.74,6.11,2026-05-21,21
Xuance,Assassin,111,C,52.22%,0.18%,0.02%,57.37%,51.67%,51.07%,"65,674",5.95,"1,594","17,048",5.27,1.01,9.72,2026-05-21,21
Athena,Fighter/Assassin,112,C,54.05%,0.07%,0.00%,51.85%,54.86%,49.20%,"80,346",5.53,"1,380","18,206",5.58,0.69,6.24,2026-05-21,21
Ao'yin,Marksman,1,S,48.42%,1.57%,5.06%,57.56%,50.13%,47.94%,"94,201",4.96,"1,056","20,862",6.22,1.14,9.78,2026-05-28,22
Daji,Mage,2,S,51.03%,2.38%,3.13%,41.72%,48.22%,50.38%,"88,180",4.7,768,"13,619",6.66,0.26,2.1,2026-05-28,22
Angela,Mage,3,S,51.81%,2.30%,3.02%,45.62%,48.04%,52.22%,"86,336",5.2,955,"17,679",6.06,0.38,3.17,2026-05-28,22
Augran,Fighter,4,S,46.93%,1.18%,5.05%,40.03%,45.92%,46.32%,"84,967",7.03,"1,376","20,414",3.94,0.6,5.07,2026-05-28,22
Liang,Mage,5,S,51.46%,0.76%,5.05%,47.47%,51.80%,47.75%,"62,254",2.55,"1,022","17,207",10.63,0.27,2.16,2026-05-28,22
Milady,Mage,6,S,48.95%,1.90%,2.40%,47.20%,46.04%,46.43%,"84,442",2.99,"1,203","11,980",6.16,1.56,16.83,2026-05-28,22
Hou Yi,Marksman,7,S,49.28%,2.85%,0.20%,45.82%,49.36%,49.62%,"88,166",4.64,872,"15,027",6.64,1.21,10.69,2026-05-28,22
Li Xin,Fighter,8,S,52.58%,1.86%,1.33%,41.22%,43.74%,50.05%,"70,152",3.76,"1,409","19,697",3.5,1.69,14.62,2026-05-28,22
Donghuang,Support/Tank,9,S,48.66%,0.79%,3.39%,41.07%,46.65%,47.01%,"64,970",3.1,699,"26,999",9.77,0.27,2.09,2026-05-28,22
Haya,Mage,10,S,49.78%,0.93%,3.01%,55.89%,52.85%,52.78%,"83,237",5.23,"1,071","19,634",5.68,0.32,2.73,2026-05-28,22
Marco Polo,Marksman,11,S,50.06%,2.12%,0.30%,43.36%,48.85%,48.62%,"95,928",6.05,"1,337","18,508",5.75,1.03,8.21,2026-05-28,22
Wang Zhaojun,Mage,12,A,51.19%,1.92%,0.61%,49.28%,48.63%,48.07%,"77,742",3.31,447,"18,675",9.56,0.35,2.76,2026-05-28,22
Cai Yan,Support,13,A,50.31%,1.27%,1.89%,45.14%,44.52%,46.93%,"28,734",0.77,139,"31,145",11.97,0.28,2.4,2026-05-28,22
Lady Sun,Marksman,14,A,48.31%,2.11%,0.09%,47.13%,45.64%,48.31%,"93,549",5.24,"1,089","17,468",5.61,1.33,12.48,2026-05-28,22
Dolia,Support,15,A,46.06%,1.83%,0.52%,47.44%,47.12%,47.35%,"40,104",1.1,308,"30,093",12.77,0.25,2.09,2026-05-28,22
Xiao Qiao,Mage,16,A,48.60%,1.85%,0.16%,51.09%,49.05%,49.27%,"90,676",4.3,693,"14,538",6.94,0.28,2.29,2026-05-28,22
Luban No.7,Marksman,17,A,52.01%,1.79%,0.18%,45.65%,48.08%,50.08%,"106,061",5.12,750,"14,740",6.9,1.28,11.84,2026-05-28,22
Mozi,Mage/Fighter,18,A,49.95%,1.24%,1.10%,50.01%,50.29%,50.09%,"63,045",2.08,857,"24,183",10.9,0.38,3.14,2026-05-28,22
Yaria,Support,19,A,48.02%,1.15%,1.25%,52.77%,53.68%,48.72%,"36,431",1.27,252,"18,575",12.34,0.13,1.05,2026-05-28,22
Kaizer,Fighter/Tank,20,A,51.38%,1.63%,0.17%,45.44%,48.57%,47.86%,"75,562",5.22,"1,379","21,058",5.03,0.71,6.05,2026-05-28,22
Luara,Marksman,21,A,53.00%,1.60%,0.20%,43.17%,48.70%,52.95%,"100,625",5.61,954,"15,551",6.17,1.27,11.52,2026-05-28,22
Dun,Tank/Fighter,22,A,52.28%,1.50%,0.31%,43.73%,47.00%,50.07%,"72,195",3.54,"1,142","33,721",6.98,0.54,4.39,2026-05-28,22
Chicha,Fighter,23,A,50.17%,1.47%,0.37%,54.97%,52.46%,51.30%,"79,911",5.28,"1,378","19,918",4.79,0.89,7.8,2026-05-28,22
Dyadia,Support/Mage,24,A,48.10%,1.11%,1.07%,53.71%,51.28%,48.75%,"43,036",1.87,180,"20,572",11.7,0.21,1.84,2026-05-28,22
Consort Yu,Marksman,25,A,51.88%,1.53%,0.20%,45.49%,49.84%,50.38%,"96,777",5.17,"1,019","16,448",6.02,1.32,11.75,2026-05-28,22
Erin,Marksman,26,A,51.52%,1.50%,0.16%,52.72%,50.26%,47.68%,"104,546",5.72,"1,146","17,497",6.0,1.27,11.49,2026-05-28,22
Arthur,Fighter/Tank,27,A,50.54%,1.47%,0.15%,43.89%,49.08%,49.19%,"73,955",4.2,"1,105","29,180",6.47,0.56,4.82,2026-05-28,22
Kongming,Mage,28,A,49.19%,1.37%,0.22%,48.77%,50.79%,47.80%,"98,822",5.99,"1,409","18,370",5.73,0.27,2.27,2026-05-28,22
Zhang Fei,Support/Tank,29,A,50.09%,1.23%,0.41%,50.58%,50.71%,50.98%,"39,237",1.71,"1,126","39,857",11.12,0.22,1.76,2026-05-28,22
Wukong,Assassin,30,A,49.74%,1.29%,0.26%,46.01%,47.85%,49.71%,"70,519",6.27,"1,504","19,656",4.37,0.61,5.54,2026-05-28,22
Garo,Marksman,31,A,52.89%,1.27%,0.25%,42.55%,49.76%,54.19%,"100,880",5.67,882,"15,478",6.33,1.22,10.99,2026-05-28,22
Dian Wei,Fighter,32,A,51.80%,1.13%,0.41%,40.93%,47.19%,49.02%,"79,343",6.27,"1,444","19,090",5.01,0.71,6.4,2026-05-28,22
Heino,Mage/Fighter,33,A,48.03%,1.16%,0.24%,48.58%,46.91%,46.81%,"103,241",3.01,991,"33,714",6.56,0.46,3.74,2026-05-28,22
Lu Bu,Fighter/Tank,34,B,48.32%,1.18%,0.15%,41.50%,46.13%,49.50%,"76,553",4.18,"1,120","21,927",6.13,0.53,4.11,2026-05-28,22
Lam,Assassin/Fighter,35,B,48.80%,1.01%,0.48%,45.01%,48.09%,47.26%,"73,282",6.71,"1,500","18,726",4.56,0.46,4.1,2026-05-28,22
Kui,Support/Mage,36,B,49.75%,0.98%,0.44%,49.80%,48.11%,49.06%,"49,524",2.74,518,"23,377",12.1,0.14,0.99,2026-05-28,22
Zhuangzi,Support/Tank,37,B,49.93%,0.66%,1.05%,40.51%,49.26%,51.61%,"47,900",1.69,880,"34,998",11.54,0.19,1.42,2026-05-28,22
Da Qiao,Support/Mage,38,B,49.10%,0.92%,0.49%,53.53%,48.65%,50.35%,"66,249",1.79,444,"26,680",12.26,0.28,2.2,2026-05-28,22
Musashi,Fighter/Assassin,39,B,50.72%,1.05%,0.20%,41.10%,50.15%,51.33%,"65,908",5.67,"1,425","19,038",5.28,0.48,4.45,2026-05-28,22
Allain,Fighter,40,B,51.02%,1.09%,0.10%,44.80%,49.12%,50.29%,"77,899",5.19,"1,211","22,910",4.91,0.48,3.63,2026-05-28,22
Ying,Fighter/Assassin,41,B,52.35%,1.03%,0.19%,50.46%,52.22%,49.92%,"80,824",5.28,"1,401","20,156",6.41,0.58,5.15,2026-05-28,22
Mi Yue,Mage/Fighter,42,B,49.51%,0.72%,0.74%,48.75%,49.25%,44.66%,"74,926",4.17,"1,327","20,336",4.26,1.13,9.43,2026-05-28,22
Flowborn (Marksman),Marksman,43,B,51.77%,1.03%,0.06%,55.43%,52.38%,50.94%,"102,536",4.79,937,"18,248",5.94,1.37,12.84,2026-05-28,22
Flowborn (Tank),Tank/Fighter,44,B,48.47%,0.96%,0.21%,46.87%,46.43%,46.27%,"68,782",3.64,"1,132","29,026",5.64,0.66,5.38,2026-05-28,22
Lady Zhen,Mage,45,B,51.37%,1.02%,0.05%,48.99%,50.68%,43.82%,"96,770",3.17,604,"16,049",8.67,0.25,1.97,2026-05-28,22
Nuwa,Mage,46,B,51.54%,0.83%,0.42%,51.43%,51.44%,52.32%,"93,623",3.68,715,"15,712",8.39,0.23,1.81,2026-05-28,22
Fang,Marksman,47,B,50.42%,1.00%,0.04%,48.02%,45.43%,46.96%,"89,254",5.71,"1,456","16,043",6.7,1.15,10.19,2026-05-28,22
Arke,Assassin,48,B,52.37%,0.59%,0.80%,42.35%,50.75%,53.82%,"67,898",6.82,"1,371","19,288",4.81,0.45,4.05,2026-05-28,22
Arli,Marksman,49,B,47.01%,0.79%,0.36%,51.15%,50.30%,51.06%,"85,528",5.23,"1,441","17,274",5.18,1.05,9.11,2026-05-28,22
Lian Po,Tank,50,B,51.14%,0.91%,0.10%,46.28%,49.52%,52.72%,"55,517",2.06,848,"33,967",10.19,0.43,3.41,2026-05-28,22
Liu Shan,Support/Tank,51,B,49.64%,0.86%,0.11%,43.78%,48.42%,48.42%,"42,916",2.06,562,"29,638",9.28,1.25,12.08,2026-05-28,22
Alessio,Marksman,52,B,51.49%,0.87%,0.04%,43.90%,49.51%,53.30%,"101,740",4.95,874,"16,380",6.48,1.34,12.71,2026-05-28,22
Diaochan,Mage,53,B,48.22%,0.84%,0.10%,44.76%,50.90%,51.83%,"91,780",4.76,"1,180","18,823",5.66,0.29,2.46,2026-05-28,22
Sun Ce,Fighter/Tank,54,B,49.12%,0.87%,0.03%,46.19%,48.83%,48.09%,"66,376",4.75,"1,252","17,362",8.2,0.5,4.0,2026-05-28,22
Ziya,Mage,55,B,51.28%,0.83%,0.10%,46.11%,46.81%,54.13%,"92,945",3.21,829,"15,870",8.59,0.33,3.23,2026-05-28,22
Biron,Fighter/Tank,56,B,48.43%,0.83%,0.09%,52.29%,49.50%,49.37%,"67,631",2.96,857,"28,539",5.94,0.64,5.39,2026-05-28,22
Changgong,Assassin,57,B,49.20%,0.53%,0.68%,41.84%,49.63%,49.32%,"68,166",6.58,"1,264","15,022",5.94,0.33,2.75,2026-05-28,22
Charlotte,Fighter,58,B,50.51%,0.82%,0.07%,56.01%,50.95%,47.81%,"82,113",4.47,"1,264","21,001",5.29,0.57,4.88,2026-05-28,22
Garuda,Mage,59,B,51.06%,0.83%,0.04%,53.38%,52.19%,51.23%,"96,711",4.07,922,"19,557",6.93,0.54,4.99,2026-05-28,22
Mai Shiranui,Assassin/Mage,60,B,48.74%,0.76%,0.16%,57.85%,51.91%,48.79%,"80,710",4.37,"1,180","17,792",6.48,0.27,2.31,2026-05-28,22
Shouyue,Marksman/Assassin,61,B,51.50%,0.79%,0.09%,48.01%,52.52%,55.01%,"101,461",4.48,"1,008","17,301",6.8,1.11,9.61,2026-05-28,22
Xiang Yu,Tank/Fighter,62,B,50.66%,0.80%,0.04%,44.93%,46.77%,50.00%,"72,051",3.68,"1,025","21,494",7.14,0.51,4.06,2026-05-28,22
Nakoruru,Assassin,63,B,50.67%,0.76%,0.10%,43.48%,49.57%,50.69%,"74,714",6.88,"1,473","16,784",4.73,0.42,3.58,2026-05-28,22
Di Renjie,Marksman,64,B,51.70%,0.79%,0.02%,50.22%,49.88%,48.95%,"96,037",4.54,967,"18,642",6.85,1.37,12.85,2026-05-28,22
Li Bai,Assassin,65,B,51.96%,0.70%,0.17%,47.58%,48.72%,48.89%,"83,022",5.1,"1,442","17,796",5.55,0.53,4.66,2026-05-28,22
Yixing,Mage,66,B,51.76%,0.71%,0.04%,45.53%,50.13%,48.85%,"81,760",3.49,812,"21,107",10.34,0.37,3.13,2026-05-28,22
Mayene,Fighter,67,B,47.51%,0.67%,0.11%,50.79%,51.50%,49.73%,"66,754",4.9,"1,046","18,162",4.68,0.54,4.15,2026-05-28,22
Ata,Tank,68,C,54.08%,0.68%,0.06%,56.05%,53.46%,51.12%,"74,972",3.8,"1,170","43,121",6.41,0.57,4.54,2026-05-28,22
Shi,Mage,69,C,50.70%,0.58%,0.26%,57.66%,52.12%,49.25%,"81,765",3.04,424,"17,662",9.41,0.24,1.98,2026-05-28,22
Han Xin,Assassin,70,C,52.14%,0.60%,0.21%,53.90%,49.93%,53.36%,"68,699",5.33,"1,624","21,174",4.83,1.12,10.1,2026-05-28,22
Dr Bian,Mage,71,C,50.11%,0.64%,0.11%,50.00%,48.64%,49.02%,"77,413",3.21,"1,022","22,244",9.31,0.35,3.08,2026-05-28,22
Luna,Fighter/Mage,72,C,48.88%,0.54%,0.32%,56.54%,50.09%,48.89%,"79,614",5.18,"1,559","24,524",5.54,0.49,4.6,2026-05-28,22
Chano,Marksman,73,C,50.52%,0.65%,0.07%,55.00%,55.02%,54.06%,"95,192",5.05,"1,188","16,300",6.03,1.18,10.96,2026-05-28,22
Umbrosa,Fighter,74,C,49.48%,0.63%,0.06%,50.41%,51.74%,52.65%,"79,184",4.13,"1,302","25,180",5.0,1.14,9.89,2026-05-28,22
Shangguan,Mage/Assassin,75,C,47.70%,0.62%,0.05%,49.01%,49.34%,50.22%,"84,742",5.43,"1,206","15,230",5.81,0.45,4.09,2026-05-28,22
Flowborn (Mage),Mage,76,C,51.38%,0.58%,0.07%,47.73%,51.63%,50.00%,"97,632",4.62,879,"15,091",7.17,0.35,2.91,2026-05-28,22
Zilong,Fighter/Assassin,77,C,52.69%,0.60%,0.02%,48.26%,48.79%,47.61%,"72,183",5.73,"1,410","21,189",5.68,0.52,4.43,2026-05-28,22
Gao,Mage,78,C,50.91%,0.55%,0.11%,48.77%,48.66%,54.44%,"96,519",5.57,"1,053","17,502",6.34,0.49,4.66,2026-05-28,22
Butterfly,Fighter,79,C,52.36%,0.54%,0.07%,45.81%,47.26%,47.46%,"79,564",6.74,"1,463","22,307",4.76,0.52,4.39,2026-05-28,22
Nezha,Fighter/Tank,80,C,51.60%,0.53%,0.08%,47.48%,53.24%,53.78%,"80,232",5.57,"1,353","22,124",7.64,0.31,2.54,2026-05-28,22
Yao,Fighter/Assassin,81,C,51.44%,0.54%,0.04%,51.92%,51.16%,49.87%,"78,266",5.29,"1,529","22,002",4.96,0.56,4.65,2026-05-28,22
Yango,Assassin,82,C,49.53%,0.45%,0.18%,55.86%,50.86%,50.95%,"79,036",4.02,"1,197","16,729",6.11,0.63,5.16,2026-05-28,22
Lapulapu,Support/Tank,83,C,55.31%,0.51%,0.04%,57.75%,55.95%,52.61%,"51,533",1.82,684,"27,560",12.35,0.17,1.29,2026-05-28,22
Sakeer,Support/Mage,84,C,53.27%,0.52%,0.03%,55.16%,51.41%,52.18%,"50,898",1.98,461,"24,747",12.45,0.22,1.55,2026-05-28,22
Gan & Mo,Mage,85,C,50.40%,0.46%,0.12%,53.56%,49.33%,51.02%,"104,723",4.1,"1,503","15,343",6.36,0.27,1.98,2026-05-28,22
Zhou Yu,Mage,86,C,51.16%,0.51%,0.02%,49.94%,48.17%,45.95%,"98,705",3.59,"1,084","16,613",8.12,0.67,7.28,2026-05-28,22
Jing,Assassin,87,C,45.47%,0.44%,0.17%,50.33%,48.95%,51.79%,"65,265",5.04,"1,518","20,083",4.74,0.55,5.22,2026-05-28,22
Huang Zhong,Marksman,88,C,51.19%,0.49%,0.02%,42.35%,50.50%,50.83%,"99,795",4.87,929,"16,941",6.07,1.25,11.96,2026-05-28,22
Fuzi,Fighter,89,C,52.61%,0.45%,0.08%,51.58%,54.71%,55.48%,"59,087",3.43,"1,155","17,448",5.36,1.24,10.04,2026-05-28,22
Ming,Support,90,C,49.93%,0.47%,0.03%,46.22%,49.35%,48.02%,"30,098",1.57,621,"22,354",11.79,0.33,3.24,2026-05-28,22
Yuhuan,Mage,91,C,50.64%,0.47%,0.02%,58.27%,50.67%,53.70%,"66,660",2.77,"1,340","25,816",10.31,0.41,3.75,2026-05-28,22
Bai Qi,Tank,92,C,51.89%,0.44%,0.05%,51.96%,50.55%,49.20%,"61,262",3.95,"1,066","37,045",6.76,0.33,2.34,2026-05-28,22
Fatih,Fighter,93,C,51.97%,0.44%,0.05%,56.19%,54.03%,50.72%,"81,401",4.47,"1,336","24,147",5.56,0.8,7.33,2026-05-28,22
Agudo,Marksman,94,C,51.91%,0.44%,0.04%,58.32%,51.18%,51.05%,"79,979",5.02,"1,431","33,201",6.1,1.3,12.87,2026-05-28,22
Liu Bei,Fighter,95,C,54.52%,0.42%,0.04%,50.40%,53.30%,49.34%,"76,056",6.5,"1,544","24,574",4.49,0.91,8.4,2026-05-28,22
Feyd,Assassin,96,C,51.09%,0.41%,0.07%,53.02%,52.87%,57.69%,"76,586",6.93,"1,470","19,473",4.33,0.68,6.38,2026-05-28,22
Meng Ya,Marksman,97,C,53.61%,0.42%,0.01%,46.94%,51.31%,51.48%,"106,414",5.39,"1,097","17,166",6.51,1.26,11.53,2026-05-28,22
Wuyan,Fighter/Tank,98,C,50.81%,0.41%,0.03%,50.36%,46.70%,43.79%,"72,031",3.97,"1,236","26,759",5.54,0.71,5.98,2026-05-28,22
Yang Jian,Fighter,99,C,50.65%,0.41%,0.02%,53.34%,50.91%,47.03%,"82,257",5.18,"1,408","23,711",5.52,0.47,3.93,2026-05-28,22
Sun Bin,Support/Mage,100,C,50.21%,0.40%,0.03%,52.11%,52.89%,50.92%,"52,691",1.72,319,"29,076",12.04,0.25,2.06,2026-05-28,22
Guan Yu,Fighter,101,C,48.31%,0.36%,0.11%,53.79%,51.23%,53.01%,"66,046",4.52,"1,070","19,823",6.09,0.38,2.96,2026-05-28,22
Mulan,Fighter/Assassin,102,C,51.15%,0.38%,0.04%,55.44%,53.02%,51.19%,"76,193",4.57,"1,227","15,787",5.02,0.68,5.38,2026-05-28,22
Ukyo Tachibana,Assassin/Fighter,103,C,51.31%,0.38%,0.02%,56.85%,53.39%,49.90%,"75,492",4.72,"1,456","21,771",5.2,0.81,7.05,2026-05-28,22
Guiguzi,Support,104,C,51.78%,0.25%,0.28%,58.39%,55.20%,52.28%,"46,006",1.88,434,"22,200",13.96,0.17,1.49,2026-05-28,22
Pei,Assassin,105,C,52.68%,0.29%,0.11%,66.52%,53.75%,49.59%,"73,272",5.62,"1,591","24,002",5.16,1.17,10.92,2026-05-28,22
Liu Bang,Tank/Mage,106,C,50.20%,0.24%,0.01%,53.18%,51.12%,49.60%,"57,018",3.72,990,"27,730",9.24,0.41,3.85,2026-05-28,22
Sima Yi,Assassin/Mage,107,C,46.23%,0.24%,0.02%,43.35%,46.26%,56.50%,"70,490",6.12,"1,383","16,523",5.22,0.46,4.21,2026-05-28,22
Cirrus,Assassin,108,C,52.23%,0.23%,0.01%,48.84%,50.22%,57.19%,"65,550",5.68,"1,444","19,893",5.39,0.73,6.05,2026-05-28,22
Dharma,Fighter/Tank,109,C,52.16%,0.21%,0.02%,62.75%,54.95%,54.08%,"62,117",3.77,"1,198","22,000",6.15,0.58,4.59,2026-05-28,22
Menki,Fighter/Mage,110,C,51.67%,0.21%,0.02%,63.70%,56.56%,48.33%,"72,868",3.84,"1,300","31,692",6.61,0.68,6.0,2026-05-28,22
Xuance,Assassin,111,C,52.33%,0.19%,0.03%,56.90%,52.61%,50.74%,"64,926",5.94,"1,605","17,155",5.28,1.01,9.76,2026-05-28,22
Athena,Fighter/Assassin,112,C,54.40%,0.08%,0.01%,53.52%,52.25%,53.72%,"80,945",5.61,"1,407","18,315",5.45,0.75,6.63,2026-05-28,22
Daji,Mage,1,S,51.30%,2.28%,4.26%,39.47%,47.95%,50.98%,"87,845",4.7,846,"13,465",6.58,0.26,2.08,2026-06-04,23
Ao'yin,Marksman,2,S,48.56%,1.47%,5.33%,54.91%,49.65%,49.05%,"92,934",4.96,"1,063","20,709",6.14,1.14,9.81,2026-06-04,23
Angela,Mage,3,S,51.48%,2.29%,2.98%,45.09%,48.33%,50.17%,"84,462",5.09,958,"17,435",5.97,0.37,3.14,2026-06-04,23
Augran,Fighter,4,S,46.95%,1.25%,4.82%,43.37%,44.64%,47.83%,"83,779",6.99,"1,383","20,106",3.9,0.6,5.07,2026-06-04,23
Liang,Mage,5,S,51.02%,0.78%,4.90%,49.36%,48.66%,50.59%,"61,048",2.52,934,"16,964",10.52,0.27,2.13,2026-06-04,23
Milady,Mage,6,S,49.09%,1.97%,1.97%,48.03%,43.01%,44.79%,"83,241",2.97,"1,236","11,791",6.09,1.55,16.77,2026-06-04,23
Hou Yi,Marksman,7,S,48.71%,2.77%,0.19%,43.37%,48.71%,48.33%,"86,757",4.62,878,"14,758",6.52,1.19,10.54,2026-06-04,23
Luban No.7,Marksman,8,S,53.56%,2.40%,0.31%,49.04%,49.62%,52.09%,"108,492",5.42,804,"14,703",6.84,1.3,12.18,2026-06-04,23
Li Xin,Fighter,9,S,52.24%,1.86%,1.32%,42.39%,43.83%,47.69%,"68,850",3.72,"1,415","19,355",3.45,1.68,14.43,2026-06-04,23
Haya,Mage,10,S,50.20%,0.92%,2.99%,56.25%,53.45%,53.99%,"82,135",5.26,"1,026","19,588",5.62,0.32,2.75,2026-06-04,23
Donghuang,Support/Tank,11,S,47.71%,0.78%,3.22%,39.72%,46.02%,50.43%,"62,969",3.01,782,"26,395",9.65,0.27,2.04,2026-06-04,23
Dun,Tank/Fighter,12,A,53.65%,2.04%,0.56%,45.77%,48.08%,48.86%,"73,230",3.7,"1,169","34,005",6.93,0.57,4.61,2026-06-04,23
Marco Polo,Marksman,13,A,49.88%,2.12%,0.30%,43.68%,49.36%,49.27%,"94,621",6.01,"1,366","18,250",5.66,1.02,8.13,2026-06-04,23
Wang Zhaojun,Mage,14,A,51.22%,1.95%,0.61%,48.90%,49.10%,49.41%,"76,653",3.28,461,"18,582",9.53,0.35,2.74,2026-06-04,23
Cai Yan,Support,15,A,50.43%,1.28%,1.86%,44.57%,46.93%,46.69%,"28,148",0.76,190,"31,098",11.95,0.28,2.41,2026-06-04,23
Dolia,Support,16,A,46.04%,1.83%,0.51%,47.22%,48.62%,48.10%,"39,393",1.08,315,"29,777",12.74,0.25,2.08,2026-06-04,23
Lady Sun,Marksman,17,A,47.79%,1.94%,0.09%,48.27%,46.04%,47.04%,"92,171",5.22,"1,034","17,177",5.51,1.32,12.36,2026-06-04,23
Xiao Qiao,Mage,18,A,48.70%,1.85%,0.15%,49.89%,49.73%,48.95%,"89,161",4.25,729,"14,415",6.87,0.28,2.29,2026-06-04,23
Mozi,Mage/Fighter,19,A,49.81%,1.24%,1.07%,50.08%,49.30%,49.55%,"62,005",2.06,854,"23,843",10.79,0.38,3.09,2026-06-04,23
Yaria,Support,20,A,48.48%,1.15%,1.21%,53.33%,53.42%,49.29%,"35,856",1.26,208,"18,487",12.3,0.13,1.04,2026-06-04,23
Chicha,Fighter,21,A,50.64%,1.50%,0.37%,55.36%,52.44%,50.94%,"79,232",5.33,"1,392","19,757",4.73,0.89,7.83,2026-06-04,23
Kaizer,Fighter/Tank,22,A,51.18%,1.59%,0.16%,44.44%,50.41%,47.02%,"73,311",5.08,"1,379","20,771",4.96,0.71,6.04,2026-06-04,23
Luara,Marksman,23,A,52.66%,1.55%,0.19%,42.43%,48.90%,53.63%,"98,919",5.57,966,"15,323",6.1,1.26,11.39,2026-06-04,23
Dyadia,Support/Mage,24,A,48.49%,1.11%,1.03%,54.21%,51.70%,48.27%,"42,431",1.87,202,"20,513",11.7,0.21,1.83,2026-06-04,23
Wukong,Assassin,25,A,49.74%,1.46%,0.28%,45.30%,48.04%,49.38%,"68,891",6.2,"1,511","19,327",4.3,0.6,5.49,2026-06-04,23
Consort Yu,Marksman,26,A,51.90%,1.50%,0.18%,45.00%,48.92%,53.34%,"95,778",5.19,963,"16,207",5.93,1.32,11.71,2026-06-04,23
Erin,Marksman,27,A,51.43%,1.48%,0.16%,53.74%,50.99%,46.12%,"103,510",5.76,"1,173","17,128",5.9,1.27,11.41,2026-06-04,23
Kongming,Mage,28,A,49.42%,1.42%,0.22%,50.18%,50.03%,48.22%,"97,644",6.0,"1,415","18,267",5.67,0.27,2.29,2026-06-04,23
Arthur,Fighter/Tank,29,A,49.99%,1.43%,0.14%,43.67%,46.73%,48.19%,"72,095",4.11,"1,112","28,377",6.35,0.56,4.79,2026-06-04,23
Garo,Marksman,30,A,52.35%,1.19%,0.23%,45.26%,47.12%,53.30%,"99,776",5.67,888,"15,219",6.25,1.21,10.91,2026-06-04,23
Zhang Fei,Support/Tank,31,A,50.00%,1.11%,0.36%,50.78%,50.56%,50.98%,"37,658",1.65,"1,077","39,552",11.04,0.22,1.74,2026-06-04,23
Lam,Assassin/Fighter,32,A,48.61%,1.03%,0.47%,39.65%,46.55%,50.75%,"71,457",6.6,"1,503","18,524",4.48,0.46,4.0,2026-06-04,23
Lu Bu,Fighter/Tank,33,A,48.51%,1.18%,0.14%,42.67%,47.10%,47.02%,"75,161",4.17,"1,168","21,788",6.08,0.53,4.1,2026-06-04,23
Kui,Support/Mage,34,B,49.98%,0.99%,0.45%,49.50%,48.12%,49.80%,"48,149",2.68,532,"23,309",12.02,0.14,0.98,2026-06-04,23
Dian Wei,Fighter,35,B,50.82%,1.04%,0.31%,38.11%,47.15%,49.09%,"76,355",6.04,"1,444","18,780",4.91,0.69,6.21,2026-06-04,23
Musashi,Fighter/Assassin,36,B,51.16%,1.10%,0.19%,42.05%,51.21%,50.37%,"64,658",5.63,"1,433","18,830",5.21,0.48,4.42,2026-06-04,23
Zhuangzi,Support/Tank,37,B,50.17%,0.66%,1.04%,44.91%,48.02%,51.01%,"46,506",1.65,"1,000","34,862",11.51,0.19,1.4,2026-06-04,23
Da Qiao,Support/Mage,38,B,49.23%,0.93%,0.49%,51.50%,49.31%,51.76%,"64,745",1.76,475,"26,478",12.2,0.28,2.18,2026-06-04,23
Heino,Mage/Fighter,39,B,47.92%,1.02%,0.24%,48.44%,43.71%,45.17%,"102,137",2.94,987,"33,761",6.51,0.47,3.73,2026-06-04,23
Mi Yue,Mage/Fighter,40,B,49.75%,0.72%,0.71%,52.09%,48.24%,44.39%,"73,906",4.2,"1,334","20,186",4.23,1.13,9.46,2026-06-04,23
Lady Zhen,Mage,41,B,51.16%,1.04%,0.05%,48.50%,48.95%,47.77%,"95,089",3.11,546,"15,883",8.58,0.24,1.95,2026-06-04,23
Flowborn (Marksman),Marksman,42,B,51.86%,1.02%,0.06%,56.16%,52.28%,50.98%,"101,238",4.79,924,"18,123",5.86,1.38,12.81,2026-06-04,23
Fang,Marksman,43,B,50.46%,1.00%,0.04%,48.37%,45.96%,45.80%,"87,897",5.7,"1,459","15,866",6.65,1.14,10.08,2026-06-04,23
Nuwa,Mage,44,B,51.41%,0.82%,0.38%,51.64%,51.80%,52.71%,"92,177",3.64,625,"15,574",8.28,0.23,1.8,2026-06-04,23
Allain,Fighter,45,B,50.28%,0.97%,0.08%,42.51%,48.51%,50.27%,"76,274",5.15,"1,185","22,548",4.85,0.46,3.54,2026-06-04,23
Arke,Assassin,46,B,52.14%,0.60%,0.78%,45.36%,49.67%,51.88%,"66,748",6.81,"1,378","19,020",4.74,0.45,4.02,2026-06-04,23
Ying,Fighter/Assassin,47,B,52.93%,0.90%,0.11%,52.81%,52.40%,51.34%,"79,817",5.28,"1,407","20,179",6.35,0.59,5.19,2026-06-04,23
Arli,Marksman,48,B,46.90%,0.78%,0.34%,49.66%,50.82%,50.74%,"84,152",5.22,"1,456","17,100",5.11,1.04,9.14,2026-06-04,23
Lian Po,Tank,49,B,50.77%,0.88%,0.10%,44.86%,48.84%,53.20%,"54,081",2.01,835,"33,565",10.07,0.43,3.35,2026-06-04,23
Changgong,Assassin,50,B,49.54%,0.56%,0.72%,45.34%,49.07%,51.95%,"67,325",6.59,"1,270","14,921",5.94,0.33,2.74,2026-06-04,23
Liu Shan,Support/Tank,51,B,49.24%,0.85%,0.11%,43.08%,46.66%,48.24%,"41,935",2.05,775,"29,337",9.17,1.25,12.04,2026-06-04,23
Alessio,Marksman,52,B,51.35%,0.87%,0.04%,48.82%,50.33%,51.90%,"100,398",4.96,946,"16,152",6.36,1.34,12.69,2026-06-04,23
Diaochan,Mage,53,B,48.36%,0.84%,0.10%,44.26%,50.54%,50.26%,"89,289",4.63,"1,143","18,575",5.59,0.29,2.44,2026-06-04,23
Ziya,Mage,54,B,51.06%,0.83%,0.10%,47.14%,48.37%,52.95%,"91,248",3.17,758,"15,688",8.54,0.33,3.19,2026-06-04,23
Sun Ce,Fighter/Tank,55,B,48.42%,0.86%,0.03%,42.44%,45.32%,48.95%,"64,271",4.65,"1,267","17,100",8.07,0.49,3.94,2026-06-04,23
Biron,Fighter/Tank,56,B,47.95%,0.82%,0.09%,51.62%,50.81%,51.26%,"65,615",2.89,959,"27,985",5.85,0.64,5.37,2026-06-04,23
Shouyue,Marksman/Assassin,57,B,51.58%,0.81%,0.09%,47.13%,52.27%,53.75%,"100,420",4.46,"1,033","17,062",6.75,1.11,9.61,2026-06-04,23
Mai Shiranui,Assassin/Mage,58,B,48.56%,0.77%,0.16%,59.27%,51.11%,48.75%,"79,649",4.34,"1,206","17,512",6.41,0.27,2.27,2026-06-04,23
Charlotte,Fighter,59,B,49.95%,0.81%,0.07%,53.01%,51.11%,48.06%,"80,333",4.39,"1,258","20,791",5.24,0.57,4.81,2026-06-04,23
Garuda,Mage,60,B,51.34%,0.82%,0.04%,51.90%,50.69%,49.39%,"95,179",4.05,"1,011","19,348",6.82,0.54,5.0,2026-06-04,23
Shangguan,Mage/Assassin,61,B,47.83%,0.80%,0.07%,50.39%,50.58%,48.56%,"83,538",5.43,"1,234","15,356",5.76,0.45,4.07,2026-06-04,23
Flowborn (Tank),Tank/Fighter,62,B,48.17%,0.77%,0.13%,45.83%,49.64%,48.18%,"66,458",3.56,"1,126","28,300",5.53,0.65,5.35,2026-06-04,23
Xiang Yu,Tank/Fighter,63,B,50.72%,0.79%,0.04%,48.00%,47.36%,49.79%,"70,329",3.63,"1,011","21,202",7.09,0.5,4.0,2026-06-04,23
Di Renjie,Marksman,64,B,51.25%,0.77%,0.02%,50.32%,48.59%,47.35%,"94,578",4.51,"1,005","18,425",6.76,1.36,12.7,2026-06-04,23
Li Bai,Assassin,65,B,52.27%,0.68%,0.17%,49.09%,49.81%,50.34%,"81,587",5.04,"1,448","17,622",5.49,0.53,4.63,2026-06-04,23
Luna,Fighter/Mage,66,B,48.84%,0.58%,0.32%,55.66%,49.91%,49.10%,"78,109",5.18,"1,565","24,183",5.45,0.48,4.51,2026-06-04,23
Nakoruru,Assassin,67,B,51.06%,0.69%,0.07%,47.93%,48.77%,48.48%,"73,053",6.82,"1,475","16,611",4.65,0.42,3.55,2026-06-04,23
Shi,Mage,68,C,50.83%,0.59%,0.26%,55.21%,51.53%,49.70%,"79,948",2.98,534,"17,597",9.35,0.24,1.95,2026-06-04,23
Dr Bian,Mage,69,C,49.93%,0.66%,0.11%,46.38%,51.17%,50.57%,"75,730",3.18,"1,052","21,955",9.24,0.35,3.05,2026-06-04,23
Yixing,Mage,70,C,51.84%,0.69%,0.04%,46.31%,49.32%,49.63%,"80,407",3.46,895,"20,949",10.26,0.37,3.1,2026-06-04,23
Ata,Tank,71,C,53.31%,0.66%,0.06%,55.74%,51.56%,50.55%,"72,107",3.66,"1,183","41,781",6.27,0.56,4.46,2026-06-04,23
Umbrosa,Fighter,72,C,50.16%,0.66%,0.06%,55.44%,52.46%,51.33%,"79,524",4.23,"1,312","25,866",5.01,1.13,9.86,2026-06-04,23
Chano,Marksman,73,C,50.12%,0.64%,0.07%,56.47%,55.53%,52.17%,"94,109",5.07,"1,193","16,003",5.95,1.17,10.92,2026-06-04,23
Mayene,Fighter,74,C,48.23%,0.59%,0.10%,51.76%,52.74%,53.21%,"65,806",4.95,"1,071","18,046",4.64,0.53,4.09,2026-06-04,23
Zilong,Fighter/Assassin,75,C,52.62%,0.61%,0.02%,48.56%,49.39%,49.95%,"70,873",5.67,"1,421","21,029",5.59,0.52,4.4,2026-06-04,23
Butterfly,Fighter,76,C,51.89%,0.55%,0.07%,45.73%,48.83%,47.48%,"77,459",6.64,"1,464","22,039",4.67,0.51,4.31,2026-06-04,23
Yao,Fighter/Assassin,77,C,51.43%,0.56%,0.04%,52.06%,50.71%,51.71%,"77,012",5.23,"1,537","21,888",4.92,0.56,4.62,2026-06-04,23
Flowborn (Mage),Mage,78,C,51.67%,0.54%,0.07%,49.85%,50.40%,50.31%,"95,201",4.51,880,"14,900",7.05,0.36,2.89,2026-06-04,23
Nezha,Fighter/Tank,79,C,52.07%,0.52%,0.09%,47.95%,53.01%,55.52%,"78,664",5.57,"1,369","22,131",7.62,0.32,2.58,2026-06-04,23
Sakeer,Support/Mage,80,C,53.52%,0.53%,0.03%,53.08%,51.66%,49.09%,"49,990",1.98,611,"24,711",12.39,0.22,1.52,2026-06-04,23
Yango,Assassin,81,C,49.04%,0.46%,0.17%,56.71%,51.31%,51.41%,"77,045",3.94,"1,137","16,656",6.01,0.62,5.08,2026-06-04,23
Zhou Yu,Mage,82,C,51.06%,0.52%,0.02%,50.96%,49.83%,47.04%,"96,541",3.55,"1,094","16,156",8.05,0.66,7.21,2026-06-04,23
Gan & Mo,Mage,83,C,50.39%,0.46%,0.12%,54.16%,49.46%,51.73%,"102,833",4.0,"1,482","15,218",6.27,0.27,1.99,2026-06-04,23
Han Xin,Assassin,84,C,49.57%,0.44%,0.16%,46.09%,48.81%,53.66%,"63,183",4.8,"1,589","20,319",4.6,1.07,9.52,2026-06-04,23
Lapulapu,Support/Tank,85,C,55.18%,0.49%,0.04%,58.61%,57.02%,53.14%,"50,162",1.79,695,"27,230",12.23,0.17,1.28,2026-06-04,23
Jing,Assassin,86,C,45.99%,0.42%,0.16%,52.07%,49.77%,51.12%,"65,243",5.09,"1,533","20,214",4.71,0.56,5.32,2026-06-04,23
Gao,Mage,87,C,50.97%,0.46%,0.06%,45.90%,48.88%,50.31%,"94,433",5.53,"1,037","17,208",6.24,0.49,4.62,2026-06-04,23
Fuzi,Fighter,88,C,52.53%,0.45%,0.08%,53.41%,54.78%,55.80%,"57,053",3.33,"1,147","17,152",5.29,1.24,9.99,2026-06-04,23
Yuhuan,Mage,89,C,51.18%,0.48%,0.02%,60.74%,53.03%,49.04%,"65,338",2.74,"1,320","25,920",10.33,0.4,3.73,2026-06-04,23
Ming,Support,90,C,50.24%,0.47%,0.03%,46.46%,49.70%,48.01%,"29,347",1.57,538,"22,106",11.81,0.33,3.26,2026-06-04,23
Feyd,Assassin,91,C,51.14%,0.44%,0.07%,56.71%,54.48%,55.90%,"75,677",6.91,"1,469","19,338",4.29,0.67,6.29,2026-06-04,23
Liu Bei,Fighter,92,C,54.70%,0.44%,0.05%,48.43%,51.14%,50.26%,"74,336",6.44,"1,554","24,652",4.41,0.89,8.29,2026-06-04,23
Agudo,Marksman,93,C,52.26%,0.45%,0.04%,55.74%,50.47%,49.38%,"79,070",5.07,"1,445","33,071",6.05,1.3,12.9,2026-06-04,23
Huang Zhong,Marksman,94,C,50.81%,0.46%,0.02%,47.05%,48.70%,50.42%,"98,381",4.84,991,"16,710",5.97,1.23,11.87,2026-06-04,23
Bai Qi,Tank,95,C,51.38%,0.43%,0.05%,51.99%,50.88%,48.17%,"58,983",3.83,"1,059","36,050",6.67,0.33,2.31,2026-06-04,23
Fatih,Fighter,96,C,51.97%,0.43%,0.05%,58.10%,54.38%,52.31%,"79,899",4.41,"1,347","23,833",5.51,0.79,7.23,2026-06-04,23
Meng Ya,Marksman,97,C,53.59%,0.43%,0.01%,49.63%,51.19%,49.22%,"105,103",5.38,"1,130","16,991",6.41,1.25,11.48,2026-06-04,23
Yang Jian,Fighter,98,C,50.90%,0.42%,0.03%,51.10%,51.60%,46.83%,"80,436",5.12,"1,419","23,738",5.45,0.47,3.92,2026-06-04,23
Wuyan,Fighter/Tank,99,C,50.66%,0.41%,0.03%,41.46%,47.29%,46.29%,"70,717",3.96,"1,244","26,448",5.47,0.71,5.98,2026-06-04,23
Guan Yu,Fighter,100,C,48.68%,0.37%,0.11%,54.31%,51.43%,51.29%,"65,133",4.48,"1,034","19,634",6.01,0.38,2.95,2026-06-04,23
Sun Bin,Support/Mage,101,C,50.26%,0.40%,0.03%,52.44%,51.92%,48.89%,"51,290",1.69,724,"28,949",11.9,0.25,2.04,2026-06-04,23
Mulan,Fighter/Assassin,102,C,51.27%,0.39%,0.04%,53.41%,51.72%,50.59%,"74,729",4.53,"1,325","15,548",4.94,0.68,5.38,2026-06-04,23
Ukyo Tachibana,Assassin/Fighter,103,C,51.20%,0.39%,0.02%,57.40%,51.15%,48.40%,"74,341",4.69,"1,459","21,666",5.18,0.8,6.95,2026-06-04,23
Guiguzi,Support,104,C,52.07%,0.25%,0.27%,55.57%,54.22%,53.36%,"44,932",1.84,466,"22,212",13.94,0.17,1.5,2026-06-04,23
Pei,Assassin,105,C,53.27%,0.31%,0.11%,67.69%,52.77%,45.24%,"71,825",5.63,"1,594","23,663",5.06,1.16,10.88,2026-06-04,23
Liu Bang,Tank/Mage,106,C,49.33%,0.26%,0.01%,50.64%,51.44%,49.27%,"55,419",3.64,931,"27,634",9.07,0.4,3.72,2026-06-04,23
Sima Yi,Assassin/Mage,107,C,46.22%,0.25%,0.02%,40.06%,47.70%,52.35%,"69,068",6.05,"1,386","16,352",5.15,0.46,4.15,2026-06-04,23
Cirrus,Assassin,108,C,51.79%,0.23%,0.01%,47.38%,52.11%,55.32%,"64,091",5.58,"1,444","19,514",5.29,0.73,5.97,2026-06-04,23
Dharma,Fighter/Tank,109,C,52.17%,0.22%,0.01%,61.26%,55.52%,56.40%,"60,752",3.73,"1,220","21,893",6.01,0.58,4.56,2026-06-04,23
Menki,Fighter/Mage,110,C,51.58%,0.22%,0.02%,59.25%,56.76%,50.35%,"71,159",3.74,"1,302","31,464",6.53,0.67,5.89,2026-06-04,23
Xuance,Assassin,111,C,52.89%,0.20%,0.03%,59.95%,53.89%,48.83%,"64,313",6.02,"1,615","17,149",5.28,1.02,9.73,2026-06-04,23
Athena,Fighter/Assassin,112,C,54.68%,0.08%,0.01%,40.82%,47.78%,53.80%,"77,923",5.47,"1,406","18,300",5.41,0.72,6.43,2026-06-04,23
Daji,Mage,1,S,51.29%,2.20%,4.41%,41.30%,48.36%,49.93%,"87,333",4.7,910,"13,419",6.57,0.26,2.08,2026-06-11,24
Ao'yin,Marksman,2,S,48.59%,1.39%,5.33%,57.95%,50.70%,51.65%,"92,422",5.0,"1,062","20,469",6.11,1.14,9.82,2026-06-11,24
Angela,Mage,3,S,51.57%,2.25%,2.90%,45.22%,48.05%,49.41%,"83,978",5.07,913,"17,422",5.98,0.37,3.14,2026-06-11,24
Augran,Fighter,4,S,46.99%,1.28%,4.67%,42.31%,44.77%,45.75%,"83,136",6.99,"1,381","19,872",3.87,0.6,5.06,2026-06-11,24
Liang,Mage,5,S,51.05%,0.78%,4.81%,45.64%,50.65%,49.64%,"60,570",2.53,878,"16,886",10.49,0.27,2.14,2026-06-11,24
Milady,Mage,6,S,48.99%,2.00%,1.96%,48.63%,45.31%,45.12%,"83,145",3.01,"1,225","11,733",6.09,1.54,16.68,2026-06-11,24
Hou Yi,Marksman,7,S,49.03%,2.78%,0.19%,45.72%,49.34%,49.86%,"86,727",4.67,892,"14,694",6.51,1.2,10.58,2026-06-11,24
Li Xin,Fighter,8,S,52.30%,1.88%,1.35%,42.74%,43.64%,48.50%,"68,631",3.73,"1,439","19,334",3.46,1.67,14.37,2026-06-11,24
Luban No.7,Marksman,9,S,53.09%,2.34%,0.34%,47.46%,49.00%,50.30%,"107,548",5.41,800,"14,478",6.82,1.29,12.0,2026-06-11,24
Haya,Mage,10,S,50.59%,0.93%,2.99%,58.00%,53.92%,50.59%,"81,909",5.29,"1,041","19,502",5.64,0.32,2.75,2026-06-11,24
Wang Zhaojun,Mage,11,S,51.44%,2.00%,0.65%,49.97%,48.91%,49.38%,"76,515",3.3,457,"18,551",9.54,0.35,2.73,2026-06-11,24
Dun,Tank/Fighter,12,A,53.42%,2.01%,0.62%,44.63%,47.63%,48.26%,"72,437",3.7,"1,149","33,494",6.9,0.57,4.59,2026-06-11,24
Donghuang,Support/Tank,13,A,47.89%,0.78%,3.03%,37.77%,45.92%,49.20%,"62,042",2.97,744,"26,399",9.7,0.26,2.02,2026-06-11,24
Marco Polo,Marksman,14,A,49.79%,2.08%,0.30%,44.69%,48.99%,48.35%,"93,990",6.03,"1,372","18,143",5.64,1.02,8.11,2026-06-11,24
Cai Yan,Support,15,A,50.62%,1.28%,1.85%,44.88%,46.88%,48.22%,"27,958",0.77,134,"31,135",11.99,0.28,2.4,2026-06-11,24
Wukong,Assassin,16,A,49.30%,1.92%,0.41%,43.68%,48.26%,48.89%,"68,765",6.23,"1,517","19,183",4.28,0.6,5.45,2026-06-11,24
Dolia,Support,17,A,46.24%,1.78%,0.50%,47.14%,47.53%,48.24%,"39,226",1.09,269,"29,622",12.78,0.25,2.08,2026-06-11,24
Xiao Qiao,Mage,18,A,48.52%,1.86%,0.16%,49.82%,48.65%,49.16%,"88,584",4.24,715,"14,290",6.87,0.28,2.27,2026-06-11,24
Lady Sun,Marksman,19,A,47.77%,1.85%,0.09%,48.27%,45.28%,48.37%,"91,606",5.26,"1,127","16,989",5.5,1.32,12.32,2026-06-11,24
Mozi,Mage/Fighter,20,A,49.74%,1.26%,1.07%,48.29%,48.97%,49.16%,"61,619",2.05,885,"23,824",10.76,0.38,3.11,2026-06-11,24
Chicha,Fighter,21,A,50.72%,1.56%,0.38%,55.00%,52.45%,50.65%,"78,951",5.38,"1,393","19,596",4.72,0.89,7.83,2026-06-11,24
Yaria,Support,22,A,48.48%,1.12%,1.21%,55.20%,53.13%,48.84%,"35,785",1.27,369,"18,450",12.34,0.13,1.03,2026-06-11,24
Luara,Marksman,23,A,52.47%,1.55%,0.19%,42.93%,51.00%,50.26%,"98,582",5.62,998,"15,242",6.06,1.25,11.31,2026-06-11,24
Consort Yu,Marksman,24,A,51.86%,1.54%,0.18%,44.39%,49.54%,49.79%,"95,529",5.26,"1,051","16,074",5.92,1.31,11.73,2026-06-11,24
Dyadia,Support/Mage,25,A,48.62%,1.11%,1.03%,54.82%,51.32%,50.22%,"42,192",1.89,186,"20,405",11.74,0.21,1.84,2026-06-11,24
Kaizer,Fighter/Tank,26,A,51.16%,1.54%,0.15%,44.82%,51.00%,51.62%,"72,496",5.06,"1,370","20,614",4.95,0.7,6.0,2026-06-11,24
Erin,Marksman,27,A,51.58%,1.50%,0.16%,54.46%,50.47%,46.72%,"103,015",5.84,"1,150","16,956",5.89,1.26,11.4,2026-06-11,24
Kongming,Mage,28,A,49.81%,1.43%,0.22%,52.50%,51.63%,47.50%,"97,597",6.06,"1,415","18,271",5.68,0.28,2.31,2026-06-11,24
Arthur,Fighter/Tank,29,A,50.09%,1.42%,0.14%,40.99%,48.38%,49.78%,"71,280",4.11,"1,111","28,361",6.35,0.55,4.76,2026-06-11,24
Garo,Marksman,30,A,52.68%,1.21%,0.23%,44.71%,47.48%,50.23%,"99,206",5.71,813,"15,037",6.21,1.2,10.87,2026-06-11,24
Lu Bu,Fighter/Tank,31,A,48.38%,1.18%,0.14%,41.45%,47.69%,50.18%,"74,399",4.18,"1,133","21,669",6.07,0.53,4.12,2026-06-11,24
Kui,Support/Mage,32,A,49.56%,1.01%,0.46%,48.83%,48.95%,47.21%,"47,697",2.66,493,"23,137",11.96,0.14,0.97,2026-06-11,24
Lam,Assassin/Fighter,33,A,48.54%,0.99%,0.47%,40.94%,46.85%,47.57%,"70,308",6.54,"1,494","18,250",4.48,0.45,3.91,2026-06-11,24
Musashi,Fighter/Assassin,34,B,50.82%,1.12%,0.18%,43.38%,50.45%,50.97%,"64,207",5.66,"1,430","18,655",5.18,0.47,4.37,2026-06-11,24
Da Qiao,Support/Mage,35,B,49.04%,0.96%,0.49%,51.50%,48.11%,49.81%,"64,895",1.79,448,"26,328",12.22,0.28,2.17,2026-06-11,24
Zhuangzi,Support/Tank,36,B,50.11%,0.66%,1.02%,42.27%,49.36%,52.21%,"46,163",1.64,858,"34,557",11.53,0.19,1.4,2026-06-11,24
Zhang Fei,Support/Tank,37,B,49.58%,1.00%,0.33%,50.43%,51.18%,51.15%,"36,574",1.6,"1,038","39,242",11.08,0.22,1.71,2026-06-11,24
Dian Wei,Fighter,38,B,50.63%,1.00%,0.29%,40.39%,47.26%,48.67%,"75,341",6.0,"1,440","18,541",4.89,0.68,6.14,2026-06-11,24
Mi Yue,Mage/Fighter,39,B,49.83%,0.76%,0.72%,51.89%,49.37%,45.91%,"73,521",4.24,"1,336","19,967",4.23,1.14,9.45,2026-06-11,24
Lady Zhen,Mage,40,B,51.01%,1.06%,0.05%,46.83%,48.51%,46.77%,"94,439",3.12,500,"15,791",8.53,0.25,1.95,2026-06-11,24
Flowborn (Marksman),Marksman,41,B,51.58%,1.01%,0.06%,55.34%,52.69%,50.86%,"100,771",4.81,950,"18,107",5.86,1.37,12.79,2026-06-11,24
Heino,Mage/Fighter,42,B,47.93%,0.92%,0.23%,43.87%,43.85%,44.36%,"100,929",2.91,"1,056","33,811",6.48,0.46,3.75,2026-06-11,24
Fang,Marksman,43,B,50.39%,1.00%,0.04%,48.58%,46.18%,47.83%,"87,307",5.74,"1,458","15,715",6.61,1.13,10.01,2026-06-11,24
Nuwa,Mage,44,B,51.47%,0.83%,0.38%,50.93%,52.62%,54.49%,"91,206",3.63,506,"15,535",8.26,0.23,1.81,2026-06-11,24
Arke,Assassin,45,B,51.86%,0.60%,0.79%,46.09%,50.09%,52.80%,"66,133",6.83,"1,371","18,744",4.69,0.44,3.96,2026-06-11,24
Lian Po,Tank,46,B,50.96%,0.89%,0.10%,44.01%,49.54%,50.90%,"53,251",2.03,737,"33,382",10.0,0.43,3.38,2026-06-11,24
Arli,Marksman,47,B,46.69%,0.78%,0.33%,48.35%,50.02%,50.34%,"83,648",5.24,"1,435","16,897",5.07,1.03,9.04,2026-06-11,24
Ying,Fighter/Assassin,48,B,53.06%,0.88%,0.10%,52.31%,54.42%,51.72%,"79,463",5.35,"1,406","19,945",6.33,0.58,5.16,2026-06-11,24
Changgong,Assassin,49,B,49.18%,0.57%,0.72%,42.95%,48.77%,51.48%,"67,146",6.63,"1,271","14,877",5.91,0.32,2.72,2026-06-11,24
Ziya,Mage,50,B,50.92%,0.86%,0.10%,46.25%,46.66%,51.50%,"90,900",3.2,827,"15,616",8.56,0.33,3.19,2026-06-11,24
Alessio,Marksman,51,B,51.22%,0.88%,0.04%,46.23%,49.58%,52.14%,"100,097",5.01,"1,018","16,086",6.33,1.33,12.62,2026-06-11,24
Liu Shan,Support/Tank,52,B,49.42%,0.84%,0.11%,41.68%,47.09%,53.07%,"41,830",2.06,613,"29,254",9.25,1.23,11.87,2026-06-11,24
Shouyue,Marksman/Assassin,53,B,51.38%,0.82%,0.09%,47.47%,52.48%,57.02%,"99,921",4.49,"1,010","16,909",6.72,1.1,9.54,2026-06-11,24
Mai Shiranui,Assassin/Mage,54,B,48.84%,0.79%,0.16%,59.55%,51.12%,51.22%,"78,993",4.34,"1,201","17,457",6.41,0.27,2.3,2026-06-11,24
Charlotte,Fighter,55,B,49.88%,0.83%,0.07%,53.33%,51.64%,49.97%,"79,623",4.4,"1,264","20,557",5.23,0.57,4.78,2026-06-11,24
Garuda,Mage,56,B,51.05%,0.84%,0.04%,49.56%,51.44%,49.10%,"94,291",4.05,958,"19,160",6.82,0.55,5.04,2026-06-11,24
Biron,Fighter/Tank,57,B,47.64%,0.82%,0.09%,51.15%,50.16%,48.14%,"64,904",2.88,930,"27,699",5.87,0.62,5.29,2026-06-11,24
Diaochan,Mage,58,B,48.02%,0.80%,0.10%,45.28%,49.18%,52.31%,"88,713",4.63,"1,189","18,403",5.58,0.29,2.44,2026-06-11,24
Sun Ce,Fighter/Tank,59,B,48.56%,0.83%,0.03%,45.21%,47.73%,48.03%,"64,218",4.69,"1,265","17,081",8.14,0.49,3.95,2026-06-11,24
Xiang Yu,Tank/Fighter,60,B,50.57%,0.81%,0.05%,44.81%,49.01%,50.53%,"69,827",3.63,"1,010","21,078",7.11,0.5,3.98,2026-06-11,24
Allain,Fighter,61,B,50.63%,0.80%,0.07%,43.17%,49.82%,51.67%,"75,539",5.15,"1,176","22,283",4.86,0.46,3.55,2026-06-11,24
Li Bai,Assassin,62,B,51.67%,0.74%,0.17%,49.27%,48.82%,50.11%,"80,896",5.06,"1,449","17,528",5.45,0.52,4.54,2026-06-11,24
Di Renjie,Marksman,63,B,50.90%,0.77%,0.02%,49.83%,49.47%,45.57%,"93,825",4.52,"1,005","18,229",6.72,1.35,12.63,2026-06-11,24
Flowborn (Tank),Tank/Fighter,64,B,48.10%,0.70%,0.12%,46.17%,46.91%,46.93%,"65,998",3.54,"1,122","27,924",5.5,0.65,5.4,2026-06-11,24
Luna,Fighter/Mage,65,B,48.33%,0.59%,0.32%,55.92%,49.07%,47.00%,"77,302",5.21,"1,558","23,878",5.45,0.48,4.46,2026-06-11,24
Umbrosa,Fighter,66,B,50.49%,0.71%,0.07%,57.09%,53.12%,48.02%,"79,853",4.3,"1,319","26,004",5.0,1.15,9.99,2026-06-11,24
Yixing,Mage,67,B,51.73%,0.71%,0.04%,47.37%,51.09%,48.42%,"80,147",3.49,741,"20,814",10.27,0.37,3.09,2026-06-11,24
Shangguan,Mage/Assassin,68,C,48.10%,0.69%,0.08%,49.44%,49.67%,50.80%,"83,182",5.48,"1,276","15,327",5.74,0.45,4.11,2026-06-11,24
Nakoruru,Assassin,69,C,50.90%,0.68%,0.07%,43.25%,48.31%,51.43%,"72,853",6.86,"1,468","16,387",4.64,0.42,3.52,2026-06-11,24
Shi,Mage,70,C,50.42%,0.58%,0.26%,56.48%,50.50%,49.23%,"79,075",2.93,569,"17,601",9.36,0.24,1.94,2026-06-11,24
Dr Bian,Mage,71,C,49.93%,0.63%,0.11%,48.98%,47.81%,52.04%,"74,944",3.18,"1,040","21,775",9.25,0.35,3.04,2026-06-11,24
Chano,Marksman,72,C,50.76%,0.65%,0.07%,56.04%,53.10%,54.97%,"93,904",5.18,"1,195","15,886",5.92,1.18,10.95,2026-06-11,24
Ata,Tank,73,C,53.23%,0.64%,0.05%,54.61%,51.52%,49.35%,"71,111",3.65,"1,160","41,346",6.28,0.55,4.4,2026-06-11,24
Zilong,Fighter/Assassin,74,C,52.89%,0.62%,0.02%,45.91%,48.38%,49.60%,"70,481",5.73,"1,420","20,847",5.55,0.51,4.37,2026-06-11,24
Butterfly,Fighter,75,C,52.20%,0.58%,0.07%,47.91%,46.80%,45.77%,"77,043",6.71,"1,457","21,868",4.66,0.51,4.3,2026-06-11,24
Mayene,Fighter,76,C,48.46%,0.56%,0.09%,52.49%,51.83%,50.30%,"65,718",4.98,"1,062","18,048",4.64,0.54,4.12,2026-06-11,24
Yao,Fighter/Assassin,77,C,51.20%,0.56%,0.04%,49.62%,50.90%,49.63%,"75,968",5.2,"1,528","21,623",4.93,0.54,4.5,2026-06-11,24
Nezha,Fighter/Tank,78,C,52.10%,0.53%,0.09%,47.62%,53.77%,55.66%,"78,073",5.58,"1,361","21,925",7.59,0.32,2.58,2026-06-11,24
Flowborn (Mage),Mage,79,C,51.39%,0.53%,0.06%,50.13%,52.55%,50.21%,"94,580",4.54,906,"14,848",7.05,0.35,2.89,2026-06-11,24
Sakeer,Support/Mage,80,C,53.24%,0.54%,0.03%,54.12%,52.19%,49.31%,"49,752",2.0,364,"24,631",12.38,0.22,1.53,2026-06-11,24
Gan & Mo,Mage,81,C,50.01%,0.47%,0.12%,51.40%,48.38%,51.29%,"101,809",3.99,"1,449","15,070",6.24,0.27,1.97,2026-06-11,24
Zhou Yu,Mage,82,C,51.00%,0.52%,0.02%,52.87%,47.05%,52.20%,"95,671",3.55,"1,073","16,086",8.03,0.66,7.2,2026-06-11,24
Yango,Assassin,83,C,49.58%,0.44%,0.16%,58.09%,51.23%,50.56%,"76,829",3.98,"1,169","16,696",6.03,0.62,5.14,2026-06-11,24
Lapulapu,Support/Tank,84,C,55.58%,0.49%,0.03%,57.56%,55.50%,53.15%,"49,602",1.79,653,"27,156",12.27,0.17,1.29,2026-06-11,24
Gao,Mage,85,C,50.88%,0.47%,0.06%,45.47%,50.81%,48.93%,"93,575",5.54,977,"17,215",6.2,0.49,4.65,2026-06-11,24
Yuhuan,Mage,86,C,51.07%,0.49%,0.02%,60.01%,53.06%,50.03%,"64,787",2.77,"1,342","25,463",10.28,0.4,3.71,2026-06-11,24
Liu Bei,Fighter,87,C,54.80%,0.46%,0.06%,47.55%,51.42%,50.75%,"73,383",6.4,"1,550","24,462",4.41,0.89,8.26,2026-06-11,24
Agudo,Marksman,88,C,52.51%,0.47%,0.04%,58.38%,50.49%,47.79%,"78,857",5.15,"1,445","32,722",6.05,1.3,12.81,2026-06-11,24
Fuzi,Fighter,89,C,52.28%,0.45%,0.08%,53.28%,54.66%,55.09%,"56,361",3.33,"1,084","16,966",5.27,1.21,9.81,2026-06-11,24
Ming,Support,90,C,50.43%,0.47%,0.03%,47.11%,49.11%,49.35%,"29,698",1.6,498,"21,970",11.87,0.33,3.28,2026-06-11,24
Feyd,Assassin,91,C,51.05%,0.44%,0.08%,55.09%,53.34%,54.29%,"75,349",6.93,"1,475","19,276",4.31,0.66,6.27,2026-06-11,24
Huang Zhong,Marksman,92,C,50.44%,0.46%,0.02%,47.23%,47.49%,50.44%,"97,859",4.86,941,"16,630",5.93,1.24,11.84,2026-06-11,24
Bai Qi,Tank,93,C,50.63%,0.44%,0.06%,51.37%,48.25%,50.11%,"57,959",3.79,"1,065","35,390",6.58,0.32,2.29,2026-06-11,24
Guan Yu,Fighter,94,C,48.84%,0.41%,0.12%,55.49%,51.59%,49.76%,"65,141",4.53,"1,093","19,305",5.99,0.38,3.01,2026-06-11,24
Fatih,Fighter,95,C,51.72%,0.44%,0.05%,57.83%,55.23%,53.57%,"78,932",4.42,"1,335","23,481",5.49,0.78,7.16,2026-06-11,24
Meng Ya,Marksman,96,C,53.31%,0.45%,0.01%,47.50%,53.31%,51.93%,"104,353",5.4,"1,080","16,770",6.33,1.24,11.37,2026-06-11,24
Han Xin,Assassin,97,C,50.08%,0.39%,0.14%,45.50%,49.69%,52.94%,"62,901",4.84,"1,583","20,183",4.6,1.07,9.55,2026-06-11,24
Mulan,Fighter/Assassin,98,C,50.20%,0.43%,0.04%,54.84%,50.88%,48.99%,"73,083",4.46,"1,200","15,348",4.89,0.67,5.26,2026-06-11,24
Wuyan,Fighter/Tank,99,C,51.28%,0.43%,0.03%,41.14%,48.39%,49.51%,"70,151",3.99,"1,263","26,433",5.46,0.7,5.95,2026-06-11,24
Jing,Assassin,100,C,45.92%,0.37%,0.16%,51.90%,48.44%,53.48%,"65,397",5.16,"1,530","20,125",4.71,0.56,5.32,2026-06-11,24
Ukyo Tachibana,Assassin/Fighter,101,C,50.91%,0.41%,0.02%,53.57%,50.87%,49.43%,"73,522",4.66,"1,450","21,406",5.12,0.81,6.92,2026-06-11,24
Sun Bin,Support/Mage,102,C,50.25%,0.40%,0.03%,52.34%,51.90%,48.31%,"51,255",1.71,829,"28,759",11.96,0.25,2.04,2026-06-11,24
Yang Jian,Fighter,103,C,50.92%,0.40%,0.02%,55.32%,48.98%,49.16%,"79,709",5.1,"1,415","23,305",5.42,0.47,3.92,2026-06-11,24
Guiguzi,Support,104,C,52.27%,0.25%,0.28%,55.67%,54.87%,52.58%,"44,790",1.86,364,"22,223",13.91,0.17,1.52,2026-06-11,24
Pei,Assassin,105,C,52.41%,0.30%,0.10%,67.34%,53.52%,48.04%,"71,644",5.69,"1,592","23,344",5.04,1.15,10.79,2026-06-11,24
Liu Bang,Tank/Mage,106,C,48.73%,0.27%,0.01%,49.96%,50.49%,51.78%,"54,865",3.64,"1,135","27,117",8.96,0.39,3.68,2026-06-11,24
Dharma,Fighter/Tank,107,C,51.62%,0.24%,0.02%,61.64%,54.32%,50.05%,"61,208",3.84,"1,206","21,802",6.05,0.59,4.58,2026-06-11,24
Cirrus,Assassin,108,C,51.81%,0.24%,0.01%,47.83%,52.70%,52.74%,"63,648",5.6,"1,443","19,330",5.25,0.73,5.96,2026-06-11,24
Sima Yi,Assassin/Mage,109,C,46.20%,0.23%,0.02%,40.61%,48.53%,52.93%,"69,304",6.16,"1,388","16,198",5.14,0.45,4.13,2026-06-11,24
Xuance,Assassin,110,C,52.88%,0.21%,0.03%,62.68%,53.70%,51.99%,"65,178",6.16,"1,604","16,898",5.29,1.0,9.53,2026-06-11,24
Menki,Fighter/Mage,111,C,51.17%,0.21%,0.02%,62.21%,55.15%,54.31%,"69,733",3.7,"1,292","30,768",6.46,0.66,5.86,2026-06-11,24
Athena,Fighter/Assassin,112,C,54.29%,0.08%,0.01%,49.30%,50.39%,51.72%,"76,920",5.49,"1,384","18,021",5.43,0.71,6.21,2026-06-11,24
Daji,Mage,1,S,51.91%,2.01%,3.89%,41.30%,48.89%,50.37%,"88,080",4.79,923,"13,509",6.54,0.26,2.06,2026-06-18,25
Ao'yin,Marksman,2,S,48.20%,1.37%,4.99%,54.09%,50.77%,49.75%,"92,451",4.99,"1,025","20,817",6.04,1.15,9.78,2026-06-18,25
Augran,Fighter,3,S,48.63%,1.34%,5.02%,42.78%,46.48%,48.88%,"86,231",7.3,"1,413","20,759",3.96,0.62,5.17,2026-06-18,25
Angela,Mage,4,S,51.76%,2.05%,2.48%,45.58%,48.56%,53.28%,"84,611",5.15,941,"17,624",5.98,0.38,3.14,2026-06-18,25
Li Xin,Fighter,5,S,53.38%,2.26%,1.48%,45.57%,45.63%,48.05%,"72,379",3.89,"1,479","19,531",3.69,1.68,14.26,2026-06-18,25
Liang,Mage,6,S,50.97%,0.74%,4.47%,50.27%,50.93%,51.49%,"60,519",2.52,976,"17,208",10.48,0.27,2.12,2026-06-18,25
Milady,Mage,7,S,48.87%,1.77%,1.69%,51.11%,45.56%,44.28%,"83,890",3.05,"1,231","11,819",6.12,1.56,16.79,2026-06-18,25
Hou Yi,Marksman,8,S,49.18%,2.45%,0.15%,46.43%,48.84%,52.04%,"88,498",4.83,900,"14,921",6.54,1.22,10.74,2026-06-18,25
Devara,Fighter/Mage,9,S,43.05%,2.02%,0.55%,,,,"62,728",2.67,"1,372","22,082",5.06,0.75,6.52,2026-06-18,25
Wang Zhaojun,Mage,10,S,51.82%,1.95%,0.62%,49.97%,49.95%,51.10%,"78,098",3.37,584,"18,779",9.53,0.35,2.73,2026-06-18,25
Luban No.7,Marksman,11,S,53.24%,2.11%,0.26%,51.17%,50.48%,50.53%,"109,007",5.54,797,"14,673",6.83,1.31,12.16,2026-06-18,25
Haya,Mage,12,A,50.31%,1.03%,2.35%,55.98%,53.36%,48.06%,"82,180",5.31,"1,017","19,673",5.63,0.31,2.7,2026-06-18,25
Marco Polo,Marksman,13,A,49.02%,1.98%,0.29%,44.99%,49.05%,47.60%,"94,244",6.01,"1,375","18,292",5.62,1.01,8.05,2026-06-18,25
Donghuang,Support/Tank,14,A,48.19%,0.67%,2.65%,44.35%,46.64%,48.29%,"62,630",3.02,780,"26,546",9.8,0.26,2.01,2026-06-18,25
Dun,Tank/Fighter,15,A,53.72%,1.70%,0.51%,46.58%,49.53%,47.72%,"72,739",3.76,"1,166","33,757",6.99,0.57,4.59,2026-06-18,25
Dolia,Support,16,A,46.18%,1.71%,0.45%,47.57%,48.10%,47.03%,"39,445",1.09,272,"30,052",12.8,0.25,2.06,2026-06-18,25
Florentino,Fighter,17,A,47.28%,0.99%,1.87%,,,,"74,222",5.03,"1,449","17,860",4.59,0.5,4.1,2026-06-18,25
Cai Yan,Support,18,A,50.82%,1.13%,1.55%,46.55%,46.63%,47.99%,"28,104",0.76,308,"31,413",12.03,0.28,2.4,2026-06-18,25
Wukong,Assassin,19,A,49.81%,1.70%,0.36%,46.33%,47.91%,48.96%,"70,144",6.4,"1,532","19,425",4.28,0.61,5.48,2026-06-18,25
Lady Sun,Marksman,20,A,47.51%,1.74%,0.07%,49.20%,46.01%,47.16%,"92,185",5.27,"1,080","17,232",5.46,1.32,12.31,2026-06-18,25
Annette,Support/Mage,21,A,49.46%,1.25%,1.01%,,,,"61,226",1.35,387,"30,150",11.57,0.23,1.76,2026-06-18,25
Lorion,Mage,22,A,44.99%,1.10%,1.30%,,,,"92,922",3.65,"1,220","15,206",7.04,0.26,2.1,2026-06-18,25
Xiao Qiao,Mage,23,A,48.99%,1.66%,0.13%,48.21%,48.68%,49.18%,"89,418",4.31,709,"14,511",6.89,0.27,2.25,2026-06-18,25
Yaria,Support,24,A,48.75%,1.08%,1.15%,52.91%,52.28%,47.44%,"35,807",1.27,276,"18,551",12.37,0.13,1.03,2026-06-18,25
Mozi,Mage/Fighter,25,A,50.34%,1.15%,0.95%,49.71%,49.27%,48.39%,"62,468",2.09,843,"24,128",10.84,0.38,3.12,2026-06-18,25
Chicha,Fighter,26,A,50.96%,1.45%,0.34%,52.92%,52.37%,53.24%,"80,704",5.53,"1,405","19,898",4.76,0.9,7.87,2026-06-18,25
Consort Yu,Marksman,27,A,51.63%,1.49%,0.17%,45.86%,50.71%,51.53%,"96,610",5.31,997,"16,296",5.9,1.32,11.68,2026-06-18,25
Erin,Marksman,28,A,51.22%,1.50%,0.15%,53.02%,49.75%,48.40%,"104,474",5.92,"1,161","17,066",5.83,1.28,11.4,2026-06-18,25
Dyadia,Support/Mage,29,A,48.65%,1.07%,0.98%,53.00%,51.29%,48.38%,"41,814",1.87,133,"20,835",11.74,0.21,1.81,2026-06-18,25
Luara,Marksman,30,A,52.87%,1.46%,0.16%,47.58%,51.02%,51.67%,"100,239",5.78,962,"15,450",6.07,1.28,11.5,2026-06-18,25
Kaizer,Fighter/Tank,31,A,51.62%,1.42%,0.14%,43.92%,51.18%,50.11%,"74,361",5.28,"1,391","20,911",4.95,0.7,6.0,2026-06-18,25
Kongming,Mage,32,A,50.09%,1.31%,0.18%,53.01%,50.72%,47.39%,"99,219",6.12,"1,424","18,348",5.66,0.27,2.3,2026-06-18,25
Garo,Marksman,33,A,53.01%,1.17%,0.21%,46.35%,49.83%,50.31%,"100,917",5.85,878,"15,309",6.21,1.23,11.05,2026-06-18,25
Da Qiao,Support/Mage,34,A,49.67%,1.00%,0.46%,54.03%,49.67%,49.85%,"66,181",1.82,347,"26,802",12.4,0.28,2.16,2026-06-18,25
Zhuangzi,Support/Tank,35,B,49.81%,0.68%,1.02%,41.82%,50.23%,53.18%,"46,045",1.6,947,"36,543",11.57,0.19,1.42,2026-06-18,25
Arthur,Fighter/Tank,36,B,50.83%,1.13%,0.11%,45.53%,51.37%,49.30%,"72,048",4.23,"1,119","28,675",6.45,0.56,4.81,2026-06-18,25
Musashi,Fighter/Assassin,37,B,50.56%,1.06%,0.17%,43.07%,50.88%,52.45%,"65,060",5.77,"1,445","18,870",5.19,0.47,4.33,2026-06-18,25
Lam,Assassin/Fighter,38,B,48.19%,0.95%,0.40%,43.67%,47.67%,50.84%,"71,236",6.67,"1,510","18,461",4.45,0.45,3.93,2026-06-18,25
Lian Po,Tank,39,B,52.39%,1.03%,0.14%,47.58%,50.32%,52.67%,"56,951",2.23,908,"34,127",10.14,0.45,3.49,2026-06-18,25
Dian Wei,Fighter,40,B,51.30%,0.95%,0.24%,42.53%,49.09%,51.99%,"77,400",6.25,"1,461","18,859",4.89,0.69,6.25,2026-06-18,25
Kui,Support/Mage,41,B,50.01%,0.85%,0.44%,49.05%,48.93%,49.39%,"47,916",2.68,419,"23,374",12.05,0.14,0.98,2026-06-18,25
Arli,Marksman,42,B,46.58%,0.91%,0.33%,48.08%,49.94%,49.29%,"84,597",5.3,"1,448","17,074",5.06,1.03,8.99,2026-06-18,25
Lu Bu,Fighter/Tank,43,B,49.13%,0.99%,0.12%,42.91%,47.15%,49.08%,"74,663",4.27,"1,151","21,681",6.15,0.53,4.13,2026-06-18,25
Flowborn (Marksman),Marksman,44,B,51.64%,0.99%,0.05%,56.58%,51.49%,51.71%,"102,100",4.84,932,"18,600",5.83,1.39,12.81,2026-06-18,25
Lady Zhen,Mage,45,B,50.84%,0.99%,0.04%,49.05%,49.69%,48.07%,"95,175",3.14,616,"15,855",8.51,0.24,1.94,2026-06-18,25
Mi Yue,Mage/Fighter,46,B,51.35%,0.68%,0.65%,55.40%,48.74%,46.94%,"76,321",4.51,"1,357","20,484",4.32,1.17,9.63,2026-06-18,25
Zhang Fei,Support/Tank,47,B,49.71%,0.87%,0.26%,50.53%,50.13%,51.17%,"36,185",1.58,"1,017","40,272",11.1,0.22,1.69,2026-06-18,25
Li Bai,Assassin,48,B,51.57%,0.88%,0.19%,48.18%,49.10%,50.97%,"82,939",5.2,"1,473","17,809",5.5,0.52,4.55,2026-06-18,25
Nuwa,Mage,49,B,52.18%,0.80%,0.31%,49.48%,52.18%,53.85%,"93,304",3.73,607,"15,695",8.28,0.23,1.79,2026-06-18,25
Fang,Marksman,50,B,49.91%,0.93%,0.04%,49.96%,47.17%,49.09%,"87,986",5.83,"1,461","15,892",6.61,1.13,10.01,2026-06-18,25
Arke,Assassin,51,B,51.67%,0.57%,0.70%,45.49%,51.46%,53.16%,"67,194",6.97,"1,386","18,912",4.68,0.44,3.96,2026-06-18,25
Shouyue,Marksman/Assassin,52,B,50.13%,0.86%,0.09%,46.96%,51.83%,53.82%,"99,575",4.45,"1,002","16,970",6.61,1.08,9.29,2026-06-18,25
Heino,Mage/Fighter,53,B,47.99%,0.81%,0.18%,47.78%,45.03%,41.87%,"102,799",2.96,949,"34,269",6.55,0.46,3.7,2026-06-18,25
Ying,Fighter/Assassin,54,B,52.94%,0.83%,0.09%,53.71%,52.78%,49.95%,"80,931",5.42,"1,424","20,424",6.34,0.59,5.15,2026-06-18,25
Mai Shiranui,Assassin/Mage,55,B,49.06%,0.76%,0.15%,58.88%,51.90%,49.85%,"80,448",4.4,"1,244","17,704",6.44,0.27,2.26,2026-06-18,25
Ziya,Mage,56,B,51.05%,0.78%,0.09%,47.36%,47.28%,53.01%,"91,432",3.19,791,"15,671",8.5,0.33,3.21,2026-06-18,25
Alessio,Marksman,57,B,51.48%,0.81%,0.03%,47.95%,49.65%,50.19%,"102,077",5.15,958,"16,412",6.34,1.36,12.84,2026-06-18,25
Diaochan,Mage,58,B,48.60%,0.76%,0.09%,44.07%,51.32%,51.35%,"90,360",4.74,"1,159","18,686",5.65,0.3,2.43,2026-06-18,25
Charlotte,Fighter,59,B,50.91%,0.76%,0.07%,55.12%,50.54%,47.98%,"80,801",4.55,"1,267","20,813",5.32,0.58,4.86,2026-06-18,25
Garuda,Mage,60,B,51.79%,0.77%,0.04%,51.13%,50.69%,52.19%,"95,492",4.1,"1,007","19,503",6.86,0.55,5.04,2026-06-18,25
Liu Shan,Support/Tank,61,B,49.87%,0.74%,0.10%,43.27%,47.93%,52.87%,"41,883",2.07,492,"29,494",9.25,1.25,12.06,2026-06-18,25
Di Renjie,Marksman,62,B,51.14%,0.77%,0.02%,52.46%,49.61%,48.06%,"95,734",4.64,"1,069","18,516",6.71,1.37,12.71,2026-06-18,25
Changgong,Assassin,63,B,49.34%,0.49%,0.58%,42.94%,47.65%,52.21%,"67,731",6.74,"1,277","14,940",5.9,0.32,2.65,2026-06-18,25
Chano,Marksman,64,B,50.91%,0.73%,0.07%,55.20%,52.65%,54.21%,"96,231",5.3,"1,218","16,253",5.94,1.2,11.14,2026-06-18,25
Sun Ce,Fighter/Tank,65,B,49.26%,0.75%,0.03%,45.37%,47.23%,47.75%,"65,379",4.88,"1,286","17,100",8.19,0.5,3.98,2026-06-18,25
Biron,Fighter/Tank,66,B,48.69%,0.72%,0.07%,50.89%,49.15%,47.64%,"65,934",3.01,"1,001","28,081",5.93,0.65,5.43,2026-06-18,25
Luna,Fighter/Mage,67,B,47.98%,0.59%,0.30%,53.73%,49.19%,47.31%,"78,454",5.2,"1,567","24,113",5.39,0.48,4.46,2026-06-18,25
Xiang Yu,Tank/Fighter,68,B,51.52%,0.70%,0.04%,45.65%,48.65%,51.33%,"70,646",3.76,"1,022","21,352",7.23,0.51,4.03,2026-06-18,25
Yixing,Mage,69,B,51.74%,0.67%,0.04%,48.21%,50.75%,46.93%,"80,310",3.49,"1,004","21,009",10.23,0.37,3.04,2026-06-18,25
Allain,Fighter,70,C,51.08%,0.66%,0.05%,45.57%,48.38%,52.45%,"76,073",5.21,"1,191","22,536",4.95,0.47,3.57,2026-06-18,25
Shi,Mage,71,C,50.65%,0.56%,0.22%,55.59%,49.49%,48.84%,"80,254",2.99,665,"17,613",9.24,0.24,1.92,2026-06-18,25
Sima Yi,Assassin/Mage,72,C,51.29%,0.61%,0.09%,42.24%,49.39%,50.36%,"79,174",7.09,"1,464","17,295",5.3,0.55,5.0,2026-06-18,25
Shangguan,Mage/Assassin,73,C,48.69%,0.61%,0.07%,48.99%,49.58%,47.98%,"84,466",5.61,"1,219","15,378",5.72,0.46,4.14,2026-06-18,25
Nakoruru,Assassin,74,C,50.65%,0.61%,0.06%,45.68%,48.32%,48.72%,"73,653",6.98,"1,477","16,522",4.62,0.42,3.51,2026-06-18,25
Umbrosa,Fighter,75,C,50.93%,0.61%,0.06%,56.61%,50.09%,50.73%,"81,420",4.46,"1,344","26,525",5.07,1.16,10.05,2026-06-18,25
Flowborn (Tank),Tank/Fighter,76,C,48.91%,0.59%,0.10%,47.82%,48.55%,51.52%,"66,392",3.63,"1,140","28,560",5.59,0.66,5.47,2026-06-18,25
Ata,Tank,77,C,53.15%,0.57%,0.05%,53.33%,51.79%,50.16%,"71,376",3.66,"1,200","42,358",6.37,0.55,4.36,2026-06-18,25
Butterfly,Fighter,78,C,52.23%,0.56%,0.07%,54.55%,48.65%,43.22%,"78,612",6.91,"1,478","22,156",4.63,0.52,4.35,2026-06-18,25
Zilong,Fighter/Assassin,79,C,51.91%,0.58%,0.02%,45.78%,48.20%,49.24%,"70,896",5.75,"1,429","20,965",5.52,0.51,4.32,2026-06-18,25
Dr Bian,Mage,80,C,50.13%,0.54%,0.09%,48.08%,48.58%,48.06%,"75,627",3.25,"1,083","22,069",9.27,0.35,3.07,2026-06-18,25
Yao,Fighter/Assassin,81,C,51.38%,0.55%,0.04%,48.20%,50.12%,50.09%,"77,408",5.31,"1,538","21,911",4.92,0.55,4.57,2026-06-18,25
Nezha,Fighter/Tank,82,C,51.62%,0.52%,0.08%,46.34%,53.41%,55.31%,"77,646",5.57,"1,372","21,685",7.59,0.31,2.51,2026-06-18,25
Ming,Support,83,C,51.24%,0.53%,0.04%,47.26%,50.51%,50.00%,"30,381",1.64,553,"22,395",11.94,0.34,3.29,2026-06-18,25
Mulan,Fighter/Assassin,84,C,50.39%,0.53%,0.04%,52.80%,51.11%,49.80%,"73,709",4.52,"1,256","15,660",4.93,0.66,5.14,2026-06-18,25
Gan & Mo,Mage,85,C,50.24%,0.48%,0.11%,53.19%,49.76%,50.00%,"102,818",3.98,"1,494","15,168",6.24,0.27,1.95,2026-06-18,25
Flowborn (Mage),Mage,86,C,52.00%,0.50%,0.06%,50.40%,51.88%,51.29%,"95,987",4.59,853,"15,150",7.05,0.35,2.86,2026-06-18,25
Mayene,Fighter,87,C,49.43%,0.49%,0.07%,51.36%,51.59%,51.43%,"66,133",5.09,"1,094","18,202",4.66,0.55,4.18,2026-06-18,25
Sakeer,Support/Mage,88,C,53.56%,0.49%,0.02%,54.68%,51.98%,49.75%,"50,199",2.01,492,"24,789",12.43,0.22,1.54,2026-06-18,25
Yuhuan,Mage,89,C,50.58%,0.49%,0.02%,58.01%,52.40%,49.19%,"65,486",2.77,"1,341","25,440",10.21,0.4,3.68,2026-06-18,25
Bai Qi,Tank,90,C,50.90%,0.47%,0.05%,48.50%,50.89%,51.50%,"58,224",3.82,"1,088","35,359",6.68,0.33,2.31,2026-06-18,25
Zhou Yu,Mage,91,C,51.72%,0.47%,0.02%,53.48%,48.61%,46.70%,"96,316",3.61,"1,059","16,252",8.06,0.66,7.22,2026-06-18,25
Feyd,Assassin,92,C,50.93%,0.44%,0.07%,52.50%,53.66%,55.23%,"76,329",6.96,"1,491","19,360",4.28,0.68,6.34,2026-06-18,25
Yango,Assassin,93,C,49.14%,0.41%,0.13%,53.09%,49.59%,50.05%,"77,410",4.03,"1,178","16,888",6.07,0.63,5.14,2026-06-18,25
Lapulapu,Support/Tank,94,C,55.29%,0.44%,0.03%,57.85%,55.60%,53.75%,"49,476",1.77,785,"27,370",12.31,0.17,1.26,2026-06-18,25
Agudo,Marksman,95,C,50.90%,0.45%,0.04%,59.09%,52.85%,50.79%,"78,648",5.11,"1,452","32,404",6.0,1.27,12.5,2026-06-18,25
Liu Bei,Fighter,96,C,54.34%,0.43%,0.05%,49.95%,52.03%,52.49%,"74,176",6.46,"1,560","24,616",4.38,0.89,8.18,2026-06-18,25
Fuzi,Fighter,97,C,53.52%,0.41%,0.07%,52.52%,54.09%,54.80%,"57,923",3.45,"1,221","17,367",5.42,1.22,9.87,2026-06-18,25
Meng Ya,Marksman,98,C,53.45%,0.44%,0.01%,47.43%,51.14%,53.48%,"105,879",5.5,"1,112","17,017",6.35,1.25,11.43,2026-06-18,25
Huang Zhong,Marksman,99,C,50.88%,0.44%,0.02%,49.72%,49.73%,50.54%,"99,190",4.97,969,"16,912",5.89,1.26,12.02,2026-06-18,25
Fatih,Fighter,100,C,52.78%,0.42%,0.05%,59.32%,55.08%,50.58%,"81,030",4.61,"1,369","23,938",5.59,0.8,7.3,2026-06-18,25
Guan Yu,Fighter,101,C,47.76%,0.39%,0.12%,50.50%,49.37%,51.25%,"64,774",4.49,"1,100","19,246",6.0,0.38,2.92,2026-06-18,25
Gao,Mage,102,C,51.16%,0.41%,0.05%,48.91%,48.85%,51.25%,"95,538",5.67,"1,048","17,370",6.24,0.49,4.67,2026-06-18,25
Han Xin,Assassin,103,C,49.19%,0.38%,0.11%,48.17%,50.80%,54.36%,"63,092",4.82,"1,593","20,094",4.56,1.05,9.38,2026-06-18,25
Ukyo Tachibana,Assassin/Fighter,104,C,50.47%,0.42%,0.02%,54.30%,49.10%,49.21%,"73,987",4.74,"1,475","21,532",5.16,0.78,6.76,2026-06-18,25
Jing,Assassin,105,C,45.99%,0.36%,0.15%,51.07%,48.21%,52.09%,"66,748",5.22,"1,544","20,462",4.67,0.58,5.42,2026-06-18,25
Wuyan,Fighter/Tank,106,C,51.31%,0.35%,0.02%,51.02%,48.16%,45.69%,"70,957",4.14,"1,276","26,678",5.51,0.71,5.98,2026-06-18,25
Yang Jian,Fighter,107,C,51.15%,0.35%,0.02%,56.17%,52.03%,45.65%,"81,105",5.26,"1,422","23,555",5.47,0.47,3.92,2026-06-18,25
Sun Bin,Support/Mage,108,C,50.47%,0.34%,0.03%,48.55%,51.78%,51.31%,"51,644",1.72,880,"29,136",12.01,0.25,2.03,2026-06-18,25
Guiguzi,Support,109,C,51.87%,0.23%,0.24%,54.95%,52.50%,52.93%,"44,808",1.85,833,"22,361",13.93,0.17,1.5,2026-06-18,25
Pei,Assassin,110,C,52.88%,0.28%,0.10%,65.58%,53.07%,49.59%,"72,325",5.69,"1,601","23,734",5.04,1.16,10.82,2026-06-18,25
Liu Bang,Tank/Mage,111,C,49.64%,0.25%,0.01%,50.86%,50.46%,49.16%,"54,948",3.63,"1,046","27,595",9.15,0.39,3.69,2026-06-18,25
Xuance,Assassin,112,C,52.47%,0.22%,0.03%,61.12%,53.14%,47.92%,"65,040",6.12,"1,634","17,081",5.2,1.01,9.71,2026-06-18,25
Cirrus,Assassin,113,C,50.39%,0.22%,0.01%,50.11%,50.86%,52.06%,"63,217",5.57,"1,447","19,170",5.22,0.7,5.79,2026-06-18,25
Dharma,Fighter/Tank,114,C,51.63%,0.21%,0.02%,55.70%,52.41%,51.30%,"61,383",3.87,"1,219","21,608",6.02,0.58,4.57,2026-06-18,25
Menki,Fighter/Mage,115,C,52.21%,0.20%,0.01%,59.97%,55.18%,49.04%,"72,552",3.95,"1,332","31,648",6.5,0.69,6.07,2026-06-18,25
Athena,Fighter/Assassin,116,C,52.80%,0.07%,0.00%,47.49%,51.54%,51.90%,"78,492",5.51,"1,393","18,215",5.52,0.65,5.65,2026-06-18,25
Florentino,Fighter,1,S,49.75%,1.04%,6.08%,56.04%,54.29%,49.06%,"77,843",5.36,"1,443","18,445",4.7,0.53,4.29,2026-06-25,26
Augran,Fighter,2,S,49.48%,1.49%,5.04%,45.62%,47.36%,46.88%,"88,911",7.43,"1,424","21,234",4.02,0.62,5.18,2026-06-25,26
Daji,Mage,3,S,52.14%,2.29%,2.43%,43.47%,50.89%,51.42%,"90,067",4.82,982,"13,561",6.57,0.26,2.02,2026-06-25,26
Ao'yin,Marksman,4,S,47.47%,1.63%,3.62%,53.06%,49.31%,48.68%,"94,319",4.97,"1,009","21,248",6.06,1.16,9.7,2026-06-25,26
Lorion,Mage,5,S,47.83%,1.23%,4.25%,52.70%,52.41%,50.61%,"98,978",4.05,"1,207","15,527",7.38,0.29,2.3,2026-06-25,26
Li Xin,Fighter,6,S,53.22%,2.40%,1.72%,47.53%,47.93%,48.41%,"74,011",3.84,"1,482","19,786",3.79,1.7,14.18,2026-06-25,26
Liang,Mage,7,S,50.71%,0.70%,5.10%,51.77%,50.55%,48.28%,"60,697",2.51,"1,070","17,490",10.55,0.26,2.04,2026-06-25,26
Angela,Mage,8,S,51.73%,2.20%,1.41%,48.14%,50.05%,53.69%,"86,158",5.17,908,"17,786",5.99,0.38,3.11,2026-06-25,26
Devara,Fighter/Mage,9,S,45.21%,2.43%,0.68%,50.72%,49.55%,49.57%,"71,075",3.15,"1,401","24,975",5.29,0.91,7.95,2026-06-25,26
Milady,Mage,10,S,48.63%,1.76%,1.38%,52.10%,44.96%,45.21%,"85,147",3.05,"1,304","11,899",6.14,1.6,16.95,2026-06-25,26
Annette,Support/Mage,11,S,50.02%,1.42%,2.00%,49.20%,48.87%,50.56%,"61,979",1.38,387,"30,498",11.75,0.24,1.82,2026-06-25,26
Hou Yi,Marksman,12,A,49.67%,2.33%,0.12%,44.64%,49.73%,52.12%,"90,202",4.92,890,"14,982",6.6,1.25,10.85,2026-06-25,26
Luban No.7,Marksman,13,A,53.50%,2.05%,0.17%,52.95%,49.05%,53.11%,"110,981",5.6,789,"14,750",6.91,1.32,12.1,2026-06-25,26
Marco Polo,Marksman,14,A,48.42%,1.96%,0.25%,43.43%,48.50%,49.13%,"95,733",5.97,"1,405","18,513",5.67,1.01,7.93,2026-06-25,26
Haya,Mage,15,A,49.37%,1.08%,1.81%,52.29%,50.85%,48.17%,"83,161",5.26,"1,040","19,668",5.67,0.31,2.61,2026-06-25,26
Dolia,Support,16,A,45.81%,1.75%,0.37%,45.38%,47.08%,46.81%,"40,285",1.09,251,"30,544",12.86,0.25,1.99,2026-06-25,26
Wang Zhaojun,Mage,17,A,51.53%,1.64%,0.47%,53.63%,50.47%,48.24%,"78,624",3.35,488,"18,979",9.63,0.35,2.67,2026-06-25,26
Wukong,Assassin,18,A,49.93%,1.59%,0.29%,47.21%,48.85%,49.93%,"70,788",6.36,"1,547","19,510",4.32,0.61,5.4,2026-06-25,26
Yaria,Support,19,A,47.40%,1.18%,1.08%,49.24%,51.72%,48.45%,"36,716",1.24,309,"18,683",12.3,0.12,0.98,2026-06-25,26
Cai Yan,Support,20,A,51.05%,1.06%,1.31%,48.98%,48.72%,47.54%,"28,390",0.76,179,"31,536",12.09,0.28,2.36,2026-06-25,26
Dun,Tank/Fighter,21,A,53.42%,1.53%,0.31%,49.16%,50.17%,49.34%,"73,436",3.76,"1,191","33,684",7.14,0.57,4.51,2026-06-25,26
Donghuang,Support/Tank,22,A,49.02%,0.68%,1.95%,45.24%,50.19%,48.77%,"64,168",3.05,795,"26,804",9.96,0.27,2.0,2026-06-25,26
Erin,Marksman,23,A,51.18%,1.56%,0.14%,52.32%,48.86%,43.99%,"107,138",5.95,"1,161","17,345",5.9,1.3,11.31,2026-06-25,26
Consort Yu,Marksman,24,A,51.57%,1.53%,0.17%,45.66%,50.78%,51.76%,"98,249",5.31,"1,061","16,517",5.94,1.33,11.61,2026-06-25,26
Lady Sun,Marksman,25,A,46.99%,1.59%,0.06%,47.26%,44.77%,46.31%,"93,404",5.23,"1,061","17,414",5.5,1.33,12.21,2026-06-25,26
Xiao Qiao,Mage,26,A,48.86%,1.54%,0.09%,48.53%,49.85%,48.76%,"91,450",4.35,865,"14,678",6.99,0.27,2.17,2026-06-25,26
Mozi,Mage/Fighter,27,A,50.02%,1.18%,0.75%,51.01%,49.71%,50.03%,"64,301",2.09,729,"24,278",10.81,0.38,3.06,2026-06-25,26
Chicha,Fighter,28,A,50.85%,1.41%,0.26%,52.79%,52.42%,49.42%,"82,750",5.57,"1,416","20,131",4.82,0.91,7.81,2026-06-25,26
Luara,Marksman,29,A,53.23%,1.46%,0.14%,46.48%,51.86%,52.73%,"101,543",5.81,996,"15,574",6.11,1.3,11.55,2026-06-25,26
Kaizer,Fighter/Tank,30,A,51.63%,1.43%,0.11%,47.42%,50.92%,49.93%,"76,123",5.33,"1,408","21,150",4.98,0.72,6.04,2026-06-25,26
Dyadia,Support/Mage,31,A,47.61%,1.00%,0.81%,51.59%,49.60%,46.87%,"41,434",1.81,225,"21,409",11.69,0.21,1.74,2026-06-25,26
Kongming,Mage,32,A,49.94%,1.31%,0.15%,51.82%,51.35%,47.72%,"101,743",6.12,"1,439","18,489",5.67,0.28,2.24,2026-06-25,26
Garo,Marksman,33,A,53.46%,1.27%,0.20%,48.09%,50.14%,53.58%,"102,864",5.92,916,"15,457",6.27,1.25,11.12,2026-06-25,26
Lian Po,Tank,34,A,52.68%,1.24%,0.19%,48.33%,50.01%,53.27%,"61,044",2.45,969,"34,351",10.12,0.48,3.62,2026-06-25,26
Zhuangzi,Support/Tank,35,B,49.66%,0.70%,0.93%,41.11%,49.46%,51.70%,"46,445",1.56,"1,079","38,258",11.69,0.19,1.39,2026-06-25,26
Sima Yi,Assassin/Mage,36,B,52.33%,1.04%,0.23%,45.28%,49.15%,51.96%,"81,337",7.3,"1,471","17,419",5.35,0.58,5.19,2026-06-25,26
Musashi,Fighter/Assassin,37,B,50.37%,1.02%,0.15%,45.75%,50.24%,50.88%,"65,716",5.73,"1,459","19,158",5.24,0.48,4.33,2026-06-25,26
Arthur,Fighter/Tank,38,B,50.78%,1.04%,0.08%,45.28%,51.73%,49.07%,"72,976",4.27,"1,147","28,329",6.49,0.57,4.76,2026-06-25,26
Lu Bu,Fighter/Tank,39,B,48.75%,1.00%,0.09%,42.51%,46.21%,49.97%,"76,184",4.29,"1,178","22,068",6.21,0.53,4.03,2026-06-25,26
Da Qiao,Support/Mage,40,B,49.27%,0.85%,0.38%,55.59%,50.12%,49.39%,"67,747",1.81,423,"27,005",12.34,0.29,2.16,2026-06-25,26
Flowborn (Marksman),Marksman,41,B,51.62%,1.00%,0.04%,54.23%,51.68%,52.56%,"104,609",4.86,927,"19,037",5.88,1.4,12.75,2026-06-25,26
Mi Yue,Mage/Fighter,42,B,51.78%,0.74%,0.55%,57.17%,51.56%,47.43%,"79,466",4.61,"1,387","21,028",4.36,1.19,9.71,2026-06-25,26
Dian Wei,Fighter,43,B,51.42%,0.91%,0.20%,50.57%,50.12%,50.13%,"78,956",6.27,"1,476","19,132",4.98,0.7,6.28,2026-06-25,26
Lam,Assassin/Fighter,44,B,47.15%,0.86%,0.30%,39.14%,46.34%,51.79%,"71,266",6.52,"1,525","18,611",4.51,0.44,3.81,2026-06-25,26
Nuwa,Mage,45,B,52.09%,0.85%,0.25%,51.68%,51.40%,53.90%,"95,766",3.77,732,"15,777",8.31,0.23,1.75,2026-06-25,26
Kui,Support/Mage,46,B,49.85%,0.80%,0.35%,49.79%,50.96%,48.45%,"48,852",2.69,326,"23,492",12.12,0.14,0.96,2026-06-25,26
Arli,Marksman,47,B,46.09%,0.83%,0.29%,45.67%,48.64%,50.65%,"86,259",5.25,"1,438","17,223",5.07,1.05,8.96,2026-06-25,26
Lady Zhen,Mage,48,B,50.81%,0.92%,0.03%,46.87%,48.17%,45.98%,"97,477",3.14,502,"16,270",8.59,0.24,1.88,2026-06-25,26
Shouyue,Marksman/Assassin,49,B,49.45%,0.88%,0.09%,43.29%,50.39%,54.01%,"99,754",4.36,"1,041","16,909",6.59,1.07,9.04,2026-06-25,26
Zhang Fei,Support/Tank,50,B,49.37%,0.82%,0.20%,52.86%,51.37%,50.69%,"36,617",1.56,"1,016","41,154",11.17,0.21,1.63,2026-06-25,26
Fang,Marksman,51,B,49.74%,0.89%,0.03%,46.56%,47.25%,50.84%,"89,413",5.8,"1,480","16,138",6.65,1.16,10.0,2026-06-25,26
Heino,Mage/Fighter,52,B,48.06%,0.84%,0.13%,45.27%,46.60%,45.61%,"105,540",2.95,996,"35,166",6.59,0.46,3.66,2026-06-25,26
Arke,Assassin,53,B,51.53%,0.56%,0.61%,54.29%,51.80%,53.77%,"67,634",6.91,"1,395","18,922",4.7,0.44,3.86,2026-06-25,26
Sun Ce,Fighter/Tank,54,B,49.02%,0.84%,0.02%,43.36%,46.84%,48.06%,"66,578",4.96,"1,303","17,272",8.2,0.51,3.96,2026-06-25,26
Di Renjie,Marksman,55,B,51.17%,0.83%,0.02%,47.26%,48.91%,45.76%,"98,022",4.72,"1,056","18,680",6.73,1.39,12.71,2026-06-25,26
Garuda,Mage,56,B,51.71%,0.82%,0.03%,52.40%,51.47%,52.06%,"98,362",4.15,"1,032","20,025",6.97,0.55,4.92,2026-06-25,26
Ying,Fighter/Assassin,57,B,52.64%,0.80%,0.06%,52.94%,52.57%,51.08%,"81,476",5.34,"1,442","20,720",6.42,0.59,5.02,2026-06-25,26
Biron,Fighter/Tank,58,B,48.28%,0.81%,0.06%,50.07%,48.25%,46.83%,"67,839",3.06,"1,105","27,895",5.94,0.66,5.49,2026-06-25,26
Mai Shiranui,Assassin/Mage,59,B,47.96%,0.76%,0.12%,58.15%,49.59%,50.95%,"81,511",4.34,"1,209","17,836",6.41,0.27,2.2,2026-06-25,26
Alessio,Marksman,60,B,51.58%,0.80%,0.02%,45.14%,50.49%,50.50%,"104,503",5.19,919,"16,738",6.47,1.38,12.81,2026-06-25,26
Ziya,Mage,61,B,51.07%,0.77%,0.07%,45.74%,47.23%,50.70%,"93,578",3.21,621,"15,686",8.49,0.34,3.19,2026-06-25,26
Liu Shan,Support/Tank,62,B,49.93%,0.72%,0.08%,46.97%,47.76%,54.77%,"42,541",2.05,543,"29,943",9.42,1.27,12.01,2026-06-25,26
Chano,Marksman,63,B,50.16%,0.72%,0.06%,48.61%,50.86%,54.01%,"97,417",5.28,"1,233","16,401",5.99,1.21,10.94,2026-06-25,26
Charlotte,Fighter,64,B,49.85%,0.72%,0.05%,51.07%,50.25%,50.30%,"81,310",4.47,"1,297","20,841",5.29,0.58,4.77,2026-06-25,26
Diaochan,Mage,65,B,48.24%,0.70%,0.07%,45.71%,49.30%,54.74%,"92,175",4.68,"1,199","18,800",5.69,0.29,2.37,2026-06-25,26
Xiang Yu,Tank/Fighter,66,B,51.39%,0.71%,0.03%,46.17%,49.49%,51.50%,"71,726",3.76,"1,095","21,357",7.27,0.51,3.98,2026-06-25,26
Yixing,Mage,67,B,51.26%,0.68%,0.03%,44.46%,50.61%,47.70%,"82,185",3.46,832,"20,971",10.26,0.36,2.93,2026-06-25,26
Changgong,Assassin,68,B,49.07%,0.46%,0.45%,38.98%,50.95%,54.89%,"68,826",6.76,"1,294","15,032",5.99,0.32,2.63,2026-06-25,26
Li Bai,Assassin,69,B,51.32%,0.58%,0.14%,48.95%,49.55%,51.94%,"83,154",5.04,"1,472","17,645",5.49,0.53,4.5,2026-06-25,26
Allain,Fighter,70,C,51.08%,0.63%,0.03%,41.59%,48.72%,50.42%,"78,135",5.25,"1,202","22,884",5.0,0.47,3.54,2026-06-25,26
Zilong,Fighter/Assassin,71,C,52.45%,0.63%,0.01%,47.06%,48.57%,46.71%,"71,658",5.7,"1,448","21,495",5.6,0.52,4.3,2026-06-25,26
Luna,Fighter/Mage,72,C,46.85%,0.52%,0.23%,50.61%,47.66%,47.60%,"79,010",5.07,"1,567","23,920",5.37,0.47,4.3,2026-06-25,26
Shi,Mage,73,C,49.83%,0.53%,0.19%,58.79%,51.17%,47.55%,"82,444",3.01,524,"17,508",9.14,0.23,1.86,2026-06-25,26
Nakoruru,Assassin,74,C,50.82%,0.59%,0.05%,41.40%,47.19%,53.26%,"74,753",6.98,"1,493","16,627",4.68,0.42,3.47,2026-06-25,26
Butterfly,Fighter,75,C,51.61%,0.58%,0.06%,52.86%,50.49%,45.31%,"79,913",6.89,"1,495","22,290",4.7,0.51,4.21,2026-06-25,26
Ming,Support,76,C,51.39%,0.57%,0.05%,47.23%,49.38%,50.27%,"31,188",1.66,620,"22,461",12.04,0.34,3.27,2026-06-25,26
Umbrosa,Fighter,77,C,50.38%,0.57%,0.04%,54.23%,51.58%,49.93%,"81,453",4.36,"1,359","26,698",5.08,1.16,9.91,2026-06-25,26
Ata,Tank,78,C,52.74%,0.55%,0.04%,51.74%,51.94%,50.40%,"72,383",3.68,"1,223","42,857",6.49,0.54,4.21,2026-06-25,26
Flowborn (Tank),Tank/Fighter,79,C,48.44%,0.54%,0.07%,45.95%,46.61%,48.36%,"66,888",3.6,"1,148","29,098",5.68,0.66,5.37,2026-06-25,26
Shangguan,Mage/Assassin,80,C,48.08%,0.54%,0.06%,49.11%,49.25%,47.37%,"85,941",5.56,"1,275","15,386",5.69,0.45,4.05,2026-06-25,26
Dr Bian,Mage,81,C,50.51%,0.52%,0.06%,45.18%,48.64%,50.51%,"77,990",3.29,"1,134","22,373",9.38,0.36,3.04,2026-06-25,26
Yao,Fighter/Assassin,82,C,50.74%,0.53%,0.03%,50.38%,50.87%,51.88%,"78,022",5.21,"1,549","22,246",4.94,0.55,4.49,2026-06-25,26
Gan & Mo,Mage,83,C,49.35%,0.50%,0.09%,55.87%,49.32%,50.55%,"104,626",3.89,"1,441","15,187",6.24,0.26,1.87,2026-06-25,26
Flowborn (Mage),Mage,84,C,51.84%,0.49%,0.05%,49.31%,50.66%,52.51%,"98,089",4.62,834,"15,455",7.06,0.35,2.78,2026-06-25,26
Bai Qi,Tank,85,C,50.31%,0.48%,0.04%,48.32%,51.25%,50.25%,"58,426",3.8,"1,106","35,604",6.72,0.33,2.28,2026-06-25,26
Feyd,Assassin,86,C,50.17%,0.46%,0.06%,51.12%,52.90%,52.71%,"76,577",6.84,"1,504","19,414",4.25,0.67,6.16,2026-06-25,26
Huang Zhong,Marksman,87,C,51.30%,0.48%,0.01%,45.17%,49.09%,52.63%,"100,878",5.01,968,"16,914",5.96,1.27,11.96,2026-06-25,26
Sakeer,Support/Mage,88,C,53.61%,0.47%,0.02%,57.22%,52.12%,49.93%,"51,786",2.04,296,"25,168",12.47,0.22,1.51,2026-06-25,26
Meng Ya,Marksman,89,C,54.04%,0.47%,0.01%,51.48%,55.01%,53.59%,"108,111",5.56,"1,161","17,341",6.46,1.29,11.55,2026-06-25,26
Yuhuan,Mage,90,C,49.97%,0.47%,0.01%,55.17%,51.98%,49.02%,"67,679",2.84,"1,365","25,268",10.1,0.41,3.68,2026-06-25,26
Mayene,Fighter,91,C,48.18%,0.45%,0.05%,49.01%,50.19%,50.33%,"66,437",4.98,"1,102","18,448",4.71,0.54,4.06,2026-06-25,26
Liu Bei,Fighter,92,C,54.35%,0.44%,0.04%,50.07%,51.79%,51.82%,"75,150",6.45,"1,568","24,801",4.4,0.89,8.02,2026-06-25,26
Zhou Yu,Mage,93,C,50.87%,0.46%,0.01%,55.50%,48.42%,44.91%,"98,378",3.59,"1,131","16,693",8.09,0.66,7.12,2026-06-25,26
Nezha,Fighter/Tank,94,C,50.21%,0.43%,0.05%,45.89%,49.70%,53.14%,"77,248",5.44,"1,380","21,943",7.6,0.3,2.39,2026-06-25,26
Lapulapu,Support/Tank,95,C,55.23%,0.42%,0.03%,59.12%,56.02%,53.15%,"49,869",1.76,801,"27,990",12.37,0.17,1.23,2026-06-25,26
Fuzi,Fighter,96,C,52.95%,0.41%,0.05%,53.05%,55.54%,58.86%,"58,784",3.4,"1,201","17,651",5.46,1.23,9.73,2026-06-25,26
Fatih,Fighter,97,C,52.41%,0.41%,0.05%,54.08%,51.85%,53.90%,"82,339",4.57,"1,386","24,370",5.62,0.8,7.2,2026-06-25,26
Guan Yu,Fighter,98,C,46.35%,0.40%,0.08%,52.37%,48.74%,48.27%,"64,396",4.34,"1,088","19,931",6.09,0.36,2.76,2026-06-25,26
Gao,Mage,99,C,51.56%,0.41%,0.03%,46.61%,49.76%,49.76%,"98,813",5.76,"1,091","17,728",6.34,0.51,4.67,2026-06-25,26
Ukyo Tachibana,Assassin/Fighter,100,C,49.95%,0.42%,0.02%,49.73%,49.14%,50.32%,"74,068",4.63,"1,488","21,555",5.15,0.78,6.64,2026-06-25,26
Yango,Assassin,101,C,47.83%,0.38%,0.07%,55.15%,49.29%,50.75%,"77,528",3.96,"1,179","16,838",5.98,0.63,5.0,2026-06-25,26
Han Xin,Assassin,102,C,48.43%,0.37%,0.08%,46.74%,50.15%,54.80%,"62,907",4.69,"1,599","20,182",4.57,1.05,9.15,2026-06-25,26
Agudo,Marksman,103,C,49.41%,0.39%,0.02%,54.78%,47.98%,46.31%,"77,625",4.86,"1,443","32,203",5.99,1.25,12.05,2026-06-25,26
Mulan,Fighter/Assassin,104,C,49.70%,0.37%,0.02%,56.41%,51.85%,50.54%,"74,490",4.42,"1,248","16,078",4.99,0.68,5.23,2026-06-25,26
Jing,Assassin,105,C,44.96%,0.32%,0.12%,52.74%,49.19%,49.20%,"66,519",5.07,"1,552","20,445",4.66,0.57,5.31,2026-06-25,26
Guiguzi,Support,106,C,51.76%,0.23%,0.22%,53.71%,54.90%,57.61%,"45,502",1.84,590,"22,766",13.96,0.17,1.48,2026-06-25,26
Wuyan,Fighter/Tank,107,C,51.55%,0.32%,0.02%,51.50%,50.37%,51.88%,"72,161",4.14,"1,296","26,824",5.61,0.73,6.02,2026-06-25,26
Yang Jian,Fighter,108,C,50.93%,0.32%,0.02%,51.07%,51.00%,49.79%,"81,771",5.22,"1,447","23,692",5.49,0.46,3.8,2026-06-25,26
Sun Bin,Support/Mage,109,C,50.97%,0.29%,0.03%,59.03%,49.36%,47.59%,"52,373",1.7,"1,066","30,050",12.1,0.25,2.01,2026-06-25,26
Pei,Assassin,110,C,51.69%,0.26%,0.07%,64.06%,52.88%,50.41%,"71,887",5.45,"1,605","23,777",5.05,1.14,10.33,2026-06-25,26
Liu Bang,Tank/Mage,111,C,49.02%,0.25%,0.01%,53.89%,49.07%,45.57%,"55,590",3.65,"1,070","28,228",9.31,0.39,3.55,2026-06-25,26
Xuance,Assassin,112,C,52.05%,0.23%,0.03%,60.58%,52.14%,51.19%,"64,889",6.0,"1,642","17,172",5.21,1.01,9.48,2026-06-25,26
Dharma,Fighter/Tank,113,C,51.47%,0.21%,0.02%,57.45%,52.34%,47.86%,"61,798",3.85,"1,233","21,478",5.98,0.59,4.61,2026-06-25,26
Menki,Fighter/Mage,114,C,52.91%,0.20%,0.01%,61.05%,54.82%,48.86%,"75,003",4.08,"1,360","31,873",6.6,0.71,6.17,2026-06-25,26
Cirrus,Assassin,115,C,50.07%,0.19%,0.01%,48.52%,51.47%,55.14%,"63,824",5.54,"1,466","19,224",5.26,0.72,5.78,2026-06-25,26
Athena,Fighter/Assassin,116,C,52.88%,0.07%,0.00%,46.02%,60.69%,50.90%,"79,538",5.54,"1,426","18,362",5.54,0.67,5.67,2026-06-25,26
Florentino,Fighter,1,S,51.91%,0.65%,6.39%,54.18%,55.83%,49.85%,"80,210",5.56,"1,429","19,123",4.75,0.54,4.36,2026-07-02,27
Augran,Fighter,2,S,49.44%,1.29%,5.03%,46.77%,47.73%,47.63%,"87,508",7.3,"1,418","21,051",3.98,0.62,5.13,2026-07-02,27
Daji,Mage,3,S,51.71%,2.60%,2.29%,43.30%,49.37%,51.63%,"90,056",4.81,946,"13,645",6.44,0.25,1.98,2026-07-02,27
Li Xin,Fighter,4,S,52.81%,2.56%,2.10%,46.59%,46.22%,51.72%,"73,061",3.73,"1,478","19,490",3.75,1.69,14.06,2026-07-02,27
Angela,Mage,5,S,51.79%,2.29%,1.61%,47.70%,50.02%,50.36%,"85,873",5.13,932,"17,730",5.97,0.37,3.04,2026-07-02,27
Liang,Mage,6,S,50.75%,0.65%,4.58%,46.38%,50.51%,50.94%,"60,855",2.48,"1,087","17,485",10.53,0.27,2.05,2026-07-02,27
Ao'yin,Marksman,7,S,48.16%,1.29%,3.22%,55.06%,50.73%,50.45%,"94,091",4.91,997,"21,260",6.06,1.17,9.76,2026-07-02,27
Lorion,Mage,8,S,48.48%,0.62%,4.46%,53.24%,51.18%,50.58%,"98,259",4.07,"1,137","15,394",7.41,0.29,2.36,2026-07-02,27
Marco Polo,Marksman,9,S,48.64%,2.50%,0.29%,42.80%,48.21%,49.14%,"94,945",5.92,"1,405","18,829",5.64,1.0,7.73,2026-07-02,27
Milady,Mage,10,S,48.60%,1.76%,1.35%,49.21%,44.18%,44.66%,"85,235",3.04,"1,298","11,965",6.15,1.59,16.67,2026-07-02,27
Hou Yi,Marksman,11,S,49.25%,2.35%,0.14%,47.38%,48.20%,50.21%,"88,851",4.79,894,"14,913",6.54,1.23,10.6,2026-07-02,27
Wukong,Assassin,12,A,49.62%,2.15%,0.38%,46.66%,48.90%,49.23%,"70,666",6.36,"1,556","19,451",4.26,0.59,5.19,2026-07-02,27
Luban No.7,Marksman,13,A,53.10%,2.22%,0.19%,46.81%,48.25%,52.70%,"109,987",5.48,808,"14,747",6.85,1.31,11.89,2026-07-02,27
Kaizer,Fighter/Tank,14,A,51.40%,2.18%,0.20%,46.03%,50.58%,46.47%,"75,774",5.28,"1,438","21,228",4.95,0.72,5.94,2026-07-02,27
Lady Sun,Marksman,15,A,47.62%,1.98%,0.09%,47.73%,45.75%,47.44%,"94,036",5.25,"1,134","17,493",5.5,1.34,12.12,2026-07-02,27
Wang Zhaojun,Mage,16,A,52.43%,1.77%,0.46%,49.86%,50.86%,50.53%,"81,172",3.42,523,"19,006",9.6,0.35,2.68,2026-07-02,27
Kongming,Mage,17,A,50.07%,1.89%,0.20%,53.86%,51.20%,47.54%,"101,543",6.06,"1,453","18,769",5.69,0.27,2.19,2026-07-02,27
Dolia,Support,18,A,45.81%,1.78%,0.40%,46.11%,46.92%,47.52%,"40,048",1.08,223,"30,601",12.87,0.24,1.96,2026-07-02,27
Xiao Qiao,Mage,19,A,48.75%,1.86%,0.11%,48.57%,48.90%,48.83%,"91,789",4.36,890,"14,608",6.89,0.26,2.1,2026-07-02,27
Yaria,Support,20,A,47.58%,1.33%,1.17%,52.02%,51.77%,49.13%,"36,615",1.26,393,"18,643",12.35,0.13,0.98,2026-07-02,27
Mozi,Mage/Fighter,21,A,49.99%,1.48%,0.82%,49.49%,50.01%,49.98%,"64,612",2.09,915,"24,217",10.61,0.38,3.01,2026-07-02,27
Consort Yu,Marksman,22,A,51.88%,1.74%,0.19%,46.20%,49.05%,51.06%,"98,265",5.29,"1,072","16,570",5.9,1.32,11.44,2026-07-02,27
Haya,Mage,23,A,49.18%,0.87%,1.84%,53.56%,52.13%,51.05%,"82,555",5.21,"1,032","19,430",5.64,0.31,2.61,2026-07-02,27
Dun,Tank/Fighter,24,A,53.21%,1.61%,0.33%,45.37%,48.97%,49.02%,"72,400",3.65,"1,196","33,656",7.12,0.57,4.45,2026-07-02,27
Lu Bu,Fighter/Tank,25,A,49.51%,1.66%,0.15%,42.67%,47.46%,48.82%,"76,668",4.34,"1,197","22,176",6.17,0.53,3.96,2026-07-02,27
Cai Yan,Support,26,A,50.64%,0.96%,1.34%,50.66%,48.86%,47.29%,"28,079",0.75,152,"31,162",12.05,0.28,2.34,2026-07-02,27
Donghuang,Support/Tank,27,A,48.86%,0.61%,1.99%,45.22%,47.08%,49.24%,"63,603",2.97,766,"26,574",9.9,0.26,1.98,2026-07-02,27
Erin,Marksman,28,A,51.40%,1.41%,0.14%,55.09%,50.26%,47.03%,"106,529",5.9,"1,204","17,455",5.9,1.29,11.23,2026-07-02,27
Lam,Assassin/Fighter,29,A,47.88%,1.25%,0.38%,42.87%,48.71%,48.52%,"72,584",6.65,"1,542","18,714",4.52,0.45,3.8,2026-07-02,27
Biron,Fighter/Tank,30,A,47.66%,1.39%,0.08%,47.97%,47.48%,48.14%,"67,230",3.04,"1,181","27,998",5.91,0.66,5.37,2026-07-02,27
Sima Yi,Assassin/Mage,31,A,52.79%,1.23%,0.36%,47.88%,51.09%,50.73%,"81,342",7.35,"1,489","17,696",5.3,0.6,5.35,2026-07-02,27
Garo,Marksman,32,A,53.85%,1.30%,0.20%,43.95%,50.33%,53.26%,"102,927",5.84,820,"15,390",6.22,1.25,11.05,2026-07-02,27
Dyadia,Support/Mage,33,A,48.15%,0.91%,0.82%,51.73%,51.15%,48.65%,"41,056",1.81,143,"21,391",11.73,0.21,1.75,2026-07-02,27
Annette,Support/Mage,34,A,50.13%,0.71%,1.21%,46.42%,49.50%,50.47%,"61,369",1.36,345,"29,819",11.7,0.24,1.82,2026-07-02,27
Luara,Marksman,35,B,52.79%,1.13%,0.13%,44.40%,50.85%,50.97%,"100,028",5.69,938,"15,418",6.04,1.28,11.3,2026-07-02,27
Dian Wei,Fighter,36,B,51.14%,1.08%,0.23%,43.78%,47.51%,46.70%,"79,179",6.28,"1,485","19,115",4.97,0.68,6.04,2026-07-02,27
Musashi,Fighter/Assassin,37,B,50.15%,1.10%,0.17%,43.40%,50.26%,53.46%,"65,091",5.7,"1,461","19,153",5.18,0.47,4.23,2026-07-02,27
Zhuangzi,Support/Tank,38,B,49.38%,0.67%,0.99%,43.45%,49.28%,50.97%,"45,693",1.51,911,"38,681",11.79,0.19,1.36,2026-07-02,27
Lian Po,Tank,39,B,52.13%,1.06%,0.18%,49.46%,50.84%,51.61%,"59,489",2.34,877,"34,132",10.07,0.47,3.57,2026-07-02,27
Devara,Fighter/Mage,40,B,46.64%,0.99%,0.33%,52.85%,51.02%,48.91%,"70,972",3.15,"1,392","25,078",5.27,0.94,8.28,2026-07-02,27
Arli,Marksman,41,B,46.38%,0.99%,0.29%,47.03%,50.20%,50.44%,"85,876",5.23,"1,436","17,331",5.04,1.04,8.78,2026-07-02,27
Chicha,Fighter,42,B,50.55%,1.01%,0.24%,53.46%,52.73%,51.59%,"81,223",5.41,"1,385","19,917",4.77,0.91,7.8,2026-07-02,27
Sun Ce,Fighter/Tank,43,B,48.76%,1.10%,0.04%,46.45%,47.88%,47.00%,"66,287",4.93,"1,307","17,305",8.13,0.5,3.9,2026-07-02,27
Mai Shiranui,Assassin/Mage,44,B,47.67%,0.98%,0.14%,56.67%,50.46%,48.95%,"81,254",4.3,"1,273","18,301",6.42,0.26,2.1,2026-07-02,27
Nuwa,Mage,45,B,52.42%,0.91%,0.25%,50.43%,52.21%,53.30%,"96,940",3.87,681,"15,732",8.23,0.23,1.74,2026-07-02,27
Zhang Fei,Support/Tank,46,B,49.37%,0.92%,0.22%,52.72%,52.24%,50.15%,"37,125",1.57,"1,012","40,823",11.18,0.21,1.63,2026-07-02,27
Arthur,Fighter/Tank,47,B,50.21%,0.98%,0.09%,44.54%,48.77%,45.11%,"72,000",4.17,"1,136","27,990",6.42,0.56,4.69,2026-07-02,27
Da Qiao,Support/Mage,48,B,49.08%,0.82%,0.35%,53.36%,49.34%,49.84%,"67,277",1.78,418,"26,743",12.34,0.28,2.12,2026-07-02,27
Mi Yue,Mage/Fighter,49,B,50.58%,0.70%,0.57%,52.25%,50.02%,47.69%,"77,205",4.43,"1,383","20,789",4.32,1.16,9.41,2026-07-02,27
Lady Zhen,Mage,50,B,50.68%,0.94%,0.03%,47.25%,48.03%,47.13%,"96,687",3.15,522,"16,307",8.46,0.24,1.85,2026-07-02,27
Shouyue,Marksman/Assassin,51,B,50.10%,0.85%,0.09%,42.42%,52.52%,53.96%,"99,785",4.35,936,"16,947",6.6,1.08,9.04,2026-07-02,27
Di Renjie,Marksman,52,B,51.36%,0.87%,0.02%,49.14%,48.92%,48.07%,"97,386",4.66,994,"18,732",6.66,1.4,12.66,2026-07-02,27
Kui,Support/Mage,53,B,49.98%,0.70%,0.34%,50.83%,49.61%,46.53%,"48,926",2.65,475,"23,359",12.13,0.14,0.97,2026-07-02,27
Li Bai,Assassin,54,B,51.69%,0.78%,0.15%,49.74%,49.65%,51.32%,"84,027",5.1,"1,493","17,924",5.48,0.53,4.48,2026-07-02,27
Diaochan,Mage,55,B,48.47%,0.81%,0.08%,45.63%,50.42%,51.10%,"92,243",4.73,"1,200","18,800",5.68,0.29,2.31,2026-07-02,27
Flowborn (Marksman),Marksman,56,B,51.84%,0.78%,0.05%,55.65%,52.61%,50.61%,"103,627",4.82,966,"18,720",5.88,1.4,12.72,2026-07-02,27
Heino,Mage/Fighter,57,B,47.51%,0.73%,0.12%,43.93%,42.38%,45.12%,"103,673",2.86,"1,050","34,870",6.56,0.46,3.58,2026-07-02,27
Ying,Fighter/Assassin,58,B,52.43%,0.75%,0.06%,53.22%,51.98%,51.66%,"81,085",5.31,"1,435","20,539",6.42,0.57,4.87,2026-07-02,27
Alessio,Marksman,59,B,51.67%,0.76%,0.03%,48.63%,47.27%,50.97%,"103,685",5.15,961,"16,577",6.41,1.37,12.65,2026-07-02,27
Zilong,Fighter/Assassin,60,B,51.60%,0.76%,0.02%,44.05%,49.34%,50.26%,"71,383",5.67,"1,464","21,613",5.56,0.51,4.17,2026-07-02,27
Butterfly,Fighter,61,B,51.09%,0.73%,0.08%,51.76%,47.82%,48.54%,"78,164",6.76,"1,496","22,390",4.69,0.5,4.04,2026-07-02,27
Yao,Fighter/Assassin,62,B,50.76%,0.75%,0.04%,50.12%,50.54%,50.31%,"78,000",5.17,"1,564","22,155",4.86,0.56,4.5,2026-07-02,27
Allain,Fighter,63,B,49.90%,0.75%,0.04%,45.15%,47.21%,46.97%,"76,665",5.12,"1,186","22,581",4.91,0.47,3.5,2026-07-02,27
Arke,Assassin,64,B,51.89%,0.47%,0.57%,48.93%,51.01%,54.69%,"68,047",6.98,"1,395","19,053",4.7,0.45,3.92,2026-07-02,27
Xiang Yu,Tank/Fighter,65,B,50.95%,0.73%,0.04%,46.55%,47.75%,49.68%,"71,016",3.67,"1,100","21,345",7.24,0.51,3.9,2026-07-02,27
Liu Shan,Support/Tank,66,B,49.45%,0.69%,0.08%,49.23%,47.19%,52.95%,"41,752",1.98,711,"29,855",9.39,1.26,11.87,2026-07-02,27
Fang,Marksman,67,B,49.44%,0.71%,0.03%,48.89%,46.47%,46.71%,"88,419",5.68,"1,468","16,052",6.63,1.16,9.97,2026-07-02,27
Charlotte,Fighter,68,B,49.87%,0.70%,0.05%,52.86%,51.60%,50.35%,"80,404",4.38,"1,287","21,149",5.3,0.58,4.71,2026-07-02,27
Luna,Fighter/Mage,69,B,46.13%,0.58%,0.20%,52.65%,48.77%,46.51%,"76,909",4.97,"1,546","23,473",5.35,0.45,4.04,2026-07-02,27
Ziya,Mage,70,C,50.55%,0.63%,0.07%,46.15%,45.55%,48.77%,"92,610",3.15,693,"15,746",8.45,0.33,3.16,2026-07-02,27
Shi,Mage,71,C,49.80%,0.53%,0.21%,56.61%,52.22%,47.34%,"81,983",3.02,541,"17,282",9.13,0.24,1.88,2026-07-02,27
Garuda,Mage,72,C,51.02%,0.62%,0.03%,50.23%,52.60%,51.76%,"97,502",4.08,949,"19,572",6.88,0.54,4.83,2026-07-02,27
Changgong,Assassin,73,C,49.26%,0.41%,0.44%,43.20%,46.89%,50.56%,"68,301",6.71,"1,299","15,141",5.97,0.32,2.61,2026-07-02,27
Yixing,Mage,74,C,51.12%,0.61%,0.03%,47.67%,50.26%,50.53%,"81,529",3.39,984,"21,189",10.11,0.36,2.89,2026-07-02,27
Guan Yu,Fighter,75,C,46.50%,0.56%,0.10%,52.61%,49.71%,52.64%,"63,058",4.15,"1,047","20,440",6.02,0.35,2.67,2026-07-02,27
Chano,Marksman,76,C,50.92%,0.55%,0.06%,52.65%,54.94%,54.43%,"97,050",5.25,"1,213","16,402",5.99,1.21,11.03,2026-07-02,27
Shangguan,Mage/Assassin,77,C,47.90%,0.53%,0.06%,49.97%,50.37%,50.24%,"86,071",5.56,"1,311","15,200",5.66,0.44,3.92,2026-07-02,27
Feyd,Assassin,78,C,50.25%,0.51%,0.07%,53.60%,51.78%,55.35%,"76,655",6.85,"1,511","19,477",4.26,0.67,6.07,2026-07-02,27
Han Xin,Assassin,79,C,48.32%,0.49%,0.08%,45.86%,48.11%,52.78%,"62,945",4.74,"1,595","20,312",4.57,1.04,8.95,2026-07-02,27
Nakoruru,Assassin,80,C,50.27%,0.50%,0.04%,52.27%,49.22%,48.36%,"74,321",6.94,"1,490","16,602",4.69,0.42,3.37,2026-07-02,27
Gan & Mo,Mage,81,C,49.51%,0.45%,0.08%,57.34%,46.63%,49.00%,"105,538",3.94,"1,455","15,440",6.21,0.26,1.83,2026-07-02,27
Liu Bei,Fighter,82,C,54.08%,0.45%,0.06%,46.44%,50.98%,49.63%,"75,359",6.46,"1,602","25,250",4.41,0.87,7.82,2026-07-02,27
Dr Bian,Mage,83,C,49.93%,0.44%,0.07%,49.92%,47.45%,48.07%,"76,844",3.21,"1,066","21,998",9.26,0.35,2.98,2026-07-02,27
Ming,Support,84,C,50.94%,0.45%,0.04%,45.81%,49.15%,46.63%,"30,750",1.63,380,"22,480",11.93,0.34,3.23,2026-07-02,27
Flowborn (Tank),Tank/Fighter,85,C,48.08%,0.44%,0.06%,44.60%,48.77%,51.01%,"65,653",3.45,"1,125","28,485",5.65,0.66,5.29,2026-07-02,27
Umbrosa,Fighter,86,C,49.51%,0.45%,0.04%,56.22%,51.39%,51.98%,"79,021",4.15,"1,324","25,942",5.01,1.16,9.79,2026-07-02,27
Yuhuan,Mage,87,C,49.78%,0.45%,0.01%,55.04%,51.88%,50.97%,"67,357",2.82,"1,317","25,007",10.11,0.4,3.59,2026-07-02,27
Sakeer,Support/Mage,88,C,53.31%,0.43%,0.02%,57.16%,50.25%,50.30%,"51,736",2.02,501,"24,971",12.45,0.22,1.51,2026-07-02,27
Ata,Tank,89,C,52.15%,0.41%,0.03%,48.71%,49.98%,50.18%,"71,651",3.61,"1,215","42,350",6.45,0.54,4.21,2026-07-02,27
Fuzi,Fighter,90,C,53.02%,0.39%,0.05%,55.68%,55.01%,58.09%,"58,120",3.39,"1,182","17,708",5.39,1.22,9.73,2026-07-02,27
Yango,Assassin,91,C,48.00%,0.39%,0.06%,55.44%,51.43%,52.03%,"76,774",3.88,"1,187","16,901",5.91,0.62,4.9,2026-07-02,27
Flowborn (Mage),Mage,92,C,51.77%,0.39%,0.04%,47.48%,51.20%,49.40%,"97,117",4.56,742,"15,227",7.0,0.35,2.79,2026-07-02,27
Mulan,Fighter/Assassin,93,C,50.09%,0.40%,0.03%,53.05%,51.11%,49.97%,"74,372",4.43,"1,310","16,085",4.96,0.66,5.09,2026-07-02,27
Huang Zhong,Marksman,94,C,50.66%,0.40%,0.01%,47.42%,48.02%,48.42%,"100,168",4.92,"1,036","16,878",5.88,1.26,11.78,2026-07-02,27
Ukyo Tachibana,Assassin/Fighter,95,C,49.85%,0.39%,0.02%,50.18%,50.37%,48.72%,"73,670",4.55,"1,463","21,570",5.09,0.8,6.63,2026-07-02,27
Zhou Yu,Mage,96,C,51.00%,0.39%,0.01%,56.01%,46.91%,50.44%,"98,499",3.58,"1,117","16,577",8.06,0.66,7.12,2026-07-02,27
Meng Ya,Marksman,97,C,53.99%,0.38%,0.01%,53.61%,52.76%,49.87%,"107,313",5.47,"1,134","17,323",6.4,1.29,11.45,2026-07-02,27
Jing,Assassin,98,C,44.78%,0.33%,0.11%,51.81%,49.35%,53.48%,"65,472",5.04,"1,551","20,278",4.62,0.55,5.07,2026-07-02,27
Mayene,Fighter,99,C,47.39%,0.35%,0.05%,50.35%,51.50%,52.52%,"65,091",4.78,"1,075","18,231",4.73,0.53,3.96,2026-07-02,27
Gao,Mage,100,C,51.26%,0.35%,0.03%,49.48%,50.37%,49.47%,"97,581",5.63,"1,085","17,613",6.31,0.5,4.61,2026-07-02,27
Nezha,Fighter/Tank,101,C,50.76%,0.31%,0.04%,46.53%,53.37%,54.04%,"77,184",5.45,"1,383","22,147",7.64,0.31,2.46,2026-07-02,27
Lapulapu,Support/Tank,102,C,55.02%,0.31%,0.02%,60.79%,57.55%,52.51%,"49,328",1.72,785,"27,959",12.29,0.17,1.23,2026-07-02,27
Bai Qi,Tank,103,C,51.12%,0.31%,0.04%,51.42%,52.31%,48.50%,"57,810",3.74,"1,047","35,912",6.77,0.34,2.29,2026-07-02,27
Yang Jian,Fighter,104,C,51.20%,0.31%,0.02%,52.83%,51.18%,46.13%,"81,353",5.16,"1,445","23,388",5.46,0.46,3.83,2026-07-02,27
Guiguzi,Support,105,C,52.75%,0.19%,0.25%,56.92%,54.42%,57.57%,"45,036",1.83,313,"22,537",14.08,0.16,1.46,2026-07-02,27
Pei,Assassin,106,C,51.73%,0.28%,0.07%,63.19%,52.29%,48.17%,"72,922",5.6,"1,628","24,238",5.06,1.13,10.14,2026-07-02,27
Sun Bin,Support/Mage,107,C,50.00%,0.29%,0.03%,51.56%,52.74%,48.59%,"52,085",1.68,999,"29,198",12.01,0.25,1.97,2026-07-02,27
Agudo,Marksman,108,C,50.48%,0.28%,0.02%,60.93%,48.85%,48.14%,"77,767",4.91,"1,435","32,423",5.99,1.28,12.24,2026-07-02,27
Fatih,Fighter,109,C,51.03%,0.26%,0.05%,55.54%,53.70%,57.14%,"80,304",4.39,"1,361","23,791",5.6,0.78,7.03,2026-07-02,27
Wuyan,Fighter/Tank,110,C,49.98%,0.27%,0.02%,45.48%,47.08%,46.51%,"70,939",4.01,"1,276","26,431",5.52,0.72,5.83,2026-07-02,27
Dharma,Fighter/Tank,111,C,50.80%,0.23%,0.02%,55.10%,52.86%,50.55%,"61,916",3.91,"1,215","21,325",5.83,0.58,4.45,2026-07-02,27
Menki,Fighter/Mage,112,C,52.55%,0.22%,0.02%,58.30%,56.53%,49.09%,"74,971",4.1,"1,363","31,154",6.59,0.7,6.05,2026-07-02,27
Liu Bang,Tank/Mage,113,C,49.22%,0.20%,0.01%,53.08%,52.12%,51.70%,"54,379",3.54,966,"27,987",9.33,0.39,3.55,2026-07-02,27
Xuance,Assassin,114,C,52.70%,0.18%,0.03%,60.98%,52.76%,53.18%,"64,407",6.0,"1,630","17,075",5.26,1.01,9.51,2026-07-02,27
Cirrus,Assassin,115,C,49.39%,0.16%,0.01%,46.55%,51.25%,56.28%,"63,281",5.47,"1,465","19,194",5.28,0.71,5.61,2026-07-02,27
Athena,Fighter/Assassin,116,C,53.48%,0.05%,0.00%,43.37%,50.37%,50.98%,"78,669",5.42,"1,421","17,968",5.44,0.7,6.11,2026-07-02,27
Daji,Mage,1,S,51.70%,2.51%,2.60%,42.31%,49.27%,52.80%,"89,548",4.77,990,"13,551",6.51,0.26,2.03,2026-07-09,28
Florentino,Fighter,2,S,50.46%,0.61%,6.32%,54.75%,54.55%,52.64%,"77,898",5.25,"1,412","18,880",4.73,0.52,4.25,2026-07-09,28
Augran,Fighter,3,S,49.48%,1.35%,4.84%,47.57%,46.22%,46.96%,"88,564",7.34,"1,411","21,093",3.98,0.63,5.17,2026-07-09,28
Li Xin,Fighter,4,S,53.39%,2.41%,2.48%,48.15%,46.81%,51.85%,"73,257",3.79,"1,472","19,878",3.71,1.73,14.56,2026-07-09,28
Angela,Mage,5,S,52.06%,2.54%,1.90%,47.14%,49.22%,50.96%,"85,989",5.15,980,"17,825",5.98,0.38,3.09,2026-07-09,28
Liang,Mage,6,S,50.28%,0.72%,4.84%,47.18%,49.70%,46.26%,"61,279",2.5,913,"17,235",10.43,0.27,2.06,2026-07-09,28
Ao'yin,Marksman,7,S,47.63%,1.50%,2.88%,53.07%,48.41%,48.31%,"94,512",4.95,"1,003","21,225",6.07,1.16,9.58,2026-07-09,28
Milady,Mage,8,S,48.13%,1.92%,1.49%,49.80%,45.37%,43.60%,"84,421",3.0,"1,255","11,936",6.08,1.59,16.81,2026-07-09,28
Hou Yi,Marksman,9,S,49.47%,2.56%,0.15%,46.49%,49.96%,52.18%,"89,165",4.82,900,"14,894",6.54,1.23,10.64,2026-07-09,28
Lorion,Mage,10,S,49.99%,0.69%,3.64%,56.50%,52.31%,52.12%,"100,364",4.19,"1,126","15,599",7.45,0.3,2.43,2026-07-09,28
Luban No.7,Marksman,11,S,53.27%,2.15%,0.21%,49.45%,49.32%,51.15%,"109,846",5.49,830,"14,640",6.86,1.31,11.89,2026-07-09,28
Lady Sun,Marksman,12,A,47.67%,2.05%,0.17%,47.31%,46.52%,50.10%,"94,860",5.34,"1,200","17,332",5.48,1.34,12.19,2026-07-09,28
Marco Polo,Marksman,13,A,48.87%,1.93%,0.29%,45.92%,48.51%,46.37%,"96,085",6.0,"1,363","18,512",5.63,1.01,7.94,2026-07-09,28
Wang Zhaojun,Mage,14,A,51.61%,1.78%,0.50%,50.86%,50.05%,48.30%,"78,746",3.35,481,"18,900",9.56,0.36,2.71,2026-07-09,28
Haya,Mage,15,A,49.02%,0.98%,2.08%,53.18%,52.11%,49.48%,"82,205",5.17,961,"19,685",5.59,0.31,2.64,2026-07-09,28
Kaizer,Fighter/Tank,16,A,51.06%,1.85%,0.18%,48.01%,51.04%,48.86%,"74,907",5.19,"1,408","20,972",4.88,0.72,6.01,2026-07-09,28
Dolia,Support,17,A,45.76%,1.74%,0.40%,45.32%,47.90%,46.83%,"40,008",1.08,117,"30,666",12.83,0.25,2.0,2026-07-09,28
Wukong,Assassin,18,A,49.84%,1.74%,0.37%,47.16%,48.55%,48.13%,"70,639",6.34,"1,534","19,366",4.28,0.6,5.33,2026-07-09,28
Dun,Tank/Fighter,19,A,53.55%,1.74%,0.35%,47.04%,48.68%,48.56%,"73,152",3.68,"1,173","33,994",7.02,0.58,4.57,2026-07-09,28
Erin,Marksman,20,A,51.24%,1.83%,0.17%,53.59%,50.90%,47.57%,"107,125",5.9,"1,192","17,613",5.91,1.29,11.19,2026-07-09,28
Cai Yan,Support,21,A,50.51%,1.13%,1.45%,48.28%,49.09%,47.99%,"28,350",0.77,94,"31,118",12.03,0.28,2.36,2026-07-09,28
Xiao Qiao,Mage,22,A,48.49%,1.69%,0.11%,48.00%,49.39%,50.66%,"91,148",4.32,803,"14,468",6.89,0.27,2.2,2026-07-09,28
Consort Yu,Marksman,23,A,51.50%,1.60%,0.18%,45.26%,49.78%,51.10%,"97,594",5.27,"1,010","16,354",5.86,1.32,11.44,2026-07-09,28
Yaria,Support,24,A,47.79%,1.10%,1.16%,52.23%,53.92%,47.54%,"36,401",1.25,571,"18,481",12.29,0.13,0.99,2026-07-09,28
Mozi,Mage/Fighter,25,A,49.66%,1.26%,0.83%,49.05%,50.50%,51.59%,"63,699",2.08,785,"23,957",10.67,0.39,3.07,2026-07-09,28
Donghuang,Support/Tank,26,A,48.35%,0.69%,1.93%,45.46%,46.73%,49.63%,"64,421",3.04,867,"26,437",9.79,0.27,2.03,2026-07-09,28
Lam,Assassin/Fighter,27,A,48.78%,1.30%,0.60%,48.57%,49.17%,49.47%,"73,686",6.78,"1,540","18,584",4.54,0.46,3.93,2026-07-09,28
Kongming,Mage,28,A,50.09%,1.37%,0.20%,52.72%,51.45%,50.17%,"101,577",6.06,"1,432","18,541",5.66,0.28,2.29,2026-07-09,28
Lu Bu,Fighter/Tank,29,A,48.43%,1.36%,0.21%,41.74%,47.43%,48.84%,"75,792",4.21,"1,148","21,833",6.16,0.54,4.06,2026-07-09,28
Luara,Marksman,30,A,53.00%,1.32%,0.13%,44.66%,50.55%,55.47%,"100,696",5.74,"1,000","15,423",6.06,1.29,11.39,2026-07-09,28
Chicha,Fighter,31,A,50.70%,1.25%,0.23%,54.09%,52.31%,52.53%,"81,821",5.45,"1,394","19,920",4.74,0.9,7.73,2026-07-09,28
Garo,Marksman,32,A,53.55%,1.25%,0.21%,46.96%,49.72%,52.59%,"102,310",5.88,926,"15,300",6.2,1.23,10.92,2026-07-09,28
Dian Wei,Fighter,33,A,51.68%,1.21%,0.25%,44.51%,50.91%,47.85%,"79,192",6.28,"1,481","19,175",4.93,0.69,6.17,2026-07-09,28
Dyadia,Support/Mage,34,A,47.77%,0.95%,0.76%,53.57%,50.88%,48.54%,"41,054",1.81,194,"21,394",11.63,0.21,1.77,2026-07-09,28
Arthur,Fighter/Tank,35,B,50.35%,1.19%,0.09%,45.87%,49.78%,47.37%,"72,153",4.16,"1,130","28,702",6.43,0.56,4.65,2026-07-09,28
Devara,Fighter/Mage,36,B,46.48%,1.12%,0.23%,50.37%,49.98%,48.49%,"72,008",3.16,"1,403","25,399",5.21,0.93,8.12,2026-07-09,28
Lian Po,Tank,37,B,52.27%,1.08%,0.13%,50.61%,50.74%,51.76%,"59,977",2.38,934,"34,518",10.11,0.48,3.59,2026-07-09,28
Alessio,Marksman,38,B,51.91%,1.12%,0.03%,46.04%,48.58%,49.26%,"104,926",5.23,"1,018","16,692",6.4,1.38,12.67,2026-07-09,28
Mi Yue,Mage/Fighter,39,B,50.71%,0.82%,0.61%,54.22%,49.37%,42.97%,"78,140",4.47,"1,369","20,902",4.29,1.16,9.46,2026-07-09,28
Musashi,Fighter/Assassin,40,B,50.19%,1.04%,0.16%,41.59%,49.77%,51.22%,"65,083",5.65,"1,445","19,051",5.19,0.47,4.21,2026-07-09,28
Zhuangzi,Support/Tank,41,B,49.42%,0.65%,0.90%,42.16%,49.01%,47.87%,"45,698",1.52,975,"38,992",11.73,0.19,1.38,2026-07-09,28
Annette,Support/Mage,42,B,49.38%,0.69%,0.77%,50.35%,49.15%,50.79%,"61,461",1.38,378,"29,252",11.48,0.24,1.85,2026-07-09,28
Da Qiao,Support/Mage,43,B,48.52%,0.83%,0.36%,51.72%,47.97%,50.32%,"67,423",1.8,272,"26,501",12.17,0.29,2.19,2026-07-09,28
Sun Ce,Fighter/Tank,44,B,48.92%,0.99%,0.04%,45.32%,47.33%,50.56%,"66,477",4.92,"1,295","17,139",8.11,0.51,3.99,2026-07-09,28
Biron,Fighter/Tank,45,B,47.82%,0.97%,0.07%,49.82%,46.93%,47.83%,"67,256",3.0,"1,139","28,163",5.92,0.66,5.42,2026-07-09,28
Sima Yi,Assassin/Mage,46,B,52.56%,0.88%,0.23%,46.84%,50.47%,51.36%,"81,228",7.3,"1,480","17,678",5.27,0.62,5.45,2026-07-09,28
Kui,Support/Mage,47,B,49.63%,0.82%,0.34%,48.50%,49.35%,49.65%,"48,883",2.66,450,"23,379",12.1,0.14,0.97,2026-07-09,28
Flowborn (Marksman),Marksman,48,B,51.50%,0.93%,0.05%,54.65%,51.74%,52.04%,"104,283",4.82,894,"18,793",5.86,1.39,12.57,2026-07-09,28
Nuwa,Mage,49,B,51.60%,0.80%,0.26%,51.76%,51.48%,54.21%,"95,722",3.73,497,"15,730",8.27,0.23,1.76,2026-07-09,28
Lady Zhen,Mage,50,B,50.82%,0.91%,0.04%,48.25%,47.75%,44.43%,"96,691",3.14,623,"16,391",8.51,0.24,1.9,2026-07-09,28
Shouyue,Marksman/Assassin,51,B,49.79%,0.85%,0.10%,43.99%,52.52%,55.16%,"99,637",4.35,996,"16,930",6.55,1.08,9.09,2026-07-09,28
Zhang Fei,Support/Tank,52,B,49.13%,0.78%,0.21%,53.73%,49.52%,50.08%,"36,790",1.55,"1,014","40,706",11.14,0.22,1.63,2026-07-09,28
Shi,Mage,53,B,50.06%,0.72%,0.32%,58.95%,51.08%,48.81%,"84,048",3.12,629,"16,988",9.12,0.25,1.95,2026-07-09,28
Fang,Marksman,54,B,49.98%,0.86%,0.03%,50.57%,46.08%,49.51%,"88,900",5.76,"1,469","16,057",6.6,1.14,9.86,2026-07-09,28
Zilong,Fighter/Assassin,55,B,52.00%,0.84%,0.02%,47.34%,48.76%,50.42%,"71,487",5.64,"1,454","21,537",5.55,0.5,4.17,2026-07-09,28
Arke,Assassin,56,B,51.37%,0.54%,0.61%,45.73%,49.58%,53.99%,"67,399",6.87,"1,385","18,976",4.68,0.44,3.85,2026-07-09,28
Heino,Mage/Fighter,57,B,47.67%,0.78%,0.13%,45.56%,43.47%,44.36%,"104,587",2.9,"1,017","35,155",6.52,0.46,3.66,2026-07-09,28
Butterfly,Fighter,58,B,51.52%,0.79%,0.09%,51.16%,48.75%,45.72%,"78,803",6.79,"1,486","22,382",4.69,0.5,4.1,2026-07-09,28
Liu Shan,Support/Tank,59,B,49.36%,0.78%,0.09%,46.34%,46.98%,53.19%,"42,232",2.04,704,"29,950",9.39,1.27,11.87,2026-07-09,28
Garuda,Mage,60,B,51.16%,0.80%,0.03%,49.55%,49.66%,53.89%,"96,915",4.03,"1,017","19,951",6.91,0.54,4.84,2026-07-09,28
Arli,Marksman,61,B,46.32%,0.69%,0.26%,48.00%,49.29%,51.79%,"86,279",5.25,"1,438","17,267",5.03,1.05,8.95,2026-07-09,28
Di Renjie,Marksman,62,B,51.36%,0.80%,0.02%,49.33%,49.76%,46.20%,"97,872",4.74,987,"18,332",6.64,1.4,12.71,2026-07-09,28
Mai Shiranui,Assassin/Mage,63,B,47.63%,0.73%,0.13%,58.13%,51.52%,47.09%,"81,231",4.32,"1,250","18,022",6.44,0.27,2.18,2026-07-09,28
Allain,Fighter,64,B,50.25%,0.77%,0.04%,40.10%,48.47%,48.61%,"77,832",5.21,"1,165","22,532",4.92,0.47,3.52,2026-07-09,28
Ziya,Mage,65,B,50.67%,0.74%,0.07%,50.43%,46.46%,53.29%,"92,510",3.16,640,"15,791",8.39,0.33,3.17,2026-07-09,28
Luna,Fighter/Mage,66,B,45.89%,0.67%,0.20%,52.82%,48.21%,47.54%,"76,997",4.93,"1,544","23,454",5.29,0.45,4.01,2026-07-09,28
Xiang Yu,Tank/Fighter,67,B,51.00%,0.73%,0.04%,46.65%,47.78%,49.51%,"71,788",3.74,"1,018","21,305",7.19,0.52,3.97,2026-07-09,28
Ying,Fighter/Assassin,68,B,53.06%,0.71%,0.06%,53.90%,53.34%,52.86%,"81,017",5.28,"1,427","20,758",6.42,0.58,5.0,2026-07-09,28
Diaochan,Mage,69,B,47.62%,0.70%,0.08%,45.04%,50.58%,53.15%,"91,397",4.65,"1,174","18,657",5.58,0.29,2.36,2026-07-09,28
Changgong,Assassin,70,C,49.29%,0.48%,0.48%,41.11%,48.53%,51.15%,"68,290",6.69,"1,290","15,027",5.92,0.32,2.64,2026-07-09,28
Charlotte,Fighter,71,C,49.74%,0.66%,0.05%,55.22%,51.37%,48.51%,"81,195",4.4,"1,270","21,054",5.27,0.58,4.72,2026-07-09,28
Yixing,Mage,72,C,51.40%,0.64%,0.03%,46.48%,49.49%,47.07%,"81,781",3.46,850,"21,124",10.2,0.37,2.98,2026-07-09,28
Chano,Marksman,73,C,50.45%,0.62%,0.06%,50.79%,54.79%,53.23%,"96,614",5.23,"1,226","16,219",5.92,1.19,10.83,2026-07-09,28
Umbrosa,Fighter,74,C,49.75%,0.58%,0.04%,52.96%,53.28%,50.91%,"79,925",4.22,"1,334","26,281",5.03,1.15,9.81,2026-07-09,28
Li Bai,Assassin,75,C,51.57%,0.51%,0.15%,49.11%,49.41%,51.26%,"83,275",5.05,"1,467","17,650",5.47,0.54,4.59,2026-07-09,28
Yao,Fighter/Assassin,76,C,50.76%,0.56%,0.04%,49.70%,49.39%,52.05%,"78,187",5.17,"1,547","21,997",4.89,0.56,4.56,2026-07-09,28
Nakoruru,Assassin,77,C,50.56%,0.55%,0.04%,43.22%,47.85%,47.19%,"74,872",6.96,"1,486","16,648",4.67,0.42,3.42,2026-07-09,28
Dr Bian,Mage,78,C,50.19%,0.53%,0.07%,49.33%,46.58%,50.61%,"77,521",3.25,"1,064","22,271",9.26,0.35,3.0,2026-07-09,28
Flowborn (Tank),Tank/Fighter,79,C,48.56%,0.53%,0.06%,41.45%,47.11%,50.71%,"66,349",3.49,"1,116","28,959",5.64,0.65,5.21,2026-07-09,28
Ata,Tank,80,C,52.56%,0.51%,0.04%,51.98%,49.56%,48.79%,"72,165",3.62,"1,220","42,732",6.43,0.54,4.19,2026-07-09,28
Gan & Mo,Mage,81,C,49.43%,0.47%,0.09%,52.82%,48.71%,50.04%,"104,563",3.92,"1,495","15,200",6.21,0.27,1.87,2026-07-09,28
Shangguan,Mage/Assassin,82,C,47.86%,0.48%,0.06%,49.79%,49.96%,50.47%,"86,418",5.56,"1,240","15,205",5.63,0.45,3.99,2026-07-09,28
Flowborn (Mage),Mage,83,C,51.62%,0.48%,0.04%,47.73%,51.25%,48.53%,"97,125",4.55,709,"15,118",7.01,0.35,2.79,2026-07-09,28
Sakeer,Support/Mage,84,C,53.43%,0.48%,0.02%,52.38%,51.52%,49.79%,"51,827",2.04,406,"24,959",12.43,0.22,1.52,2026-07-09,28
Zhou Yu,Mage,85,C,50.90%,0.46%,0.01%,51.00%,47.98%,45.03%,"98,930",3.6,"1,119","16,495",8.04,0.67,7.16,2026-07-09,28
Ming,Support,86,C,50.97%,0.45%,0.03%,45.97%,49.40%,51.61%,"31,080",1.65,798,"22,534",11.91,0.34,3.27,2026-07-09,28
Huang Zhong,Marksman,87,C,50.98%,0.44%,0.02%,47.35%,47.29%,49.81%,"100,213",4.92,907,"16,954",5.91,1.27,11.83,2026-07-09,28
Mayene,Fighter,88,C,47.18%,0.43%,0.05%,47.77%,51.65%,54.45%,"65,473",4.83,"1,091","18,285",4.67,0.52,3.94,2026-07-09,28
Meng Ya,Marksman,89,C,53.64%,0.43%,0.01%,53.24%,51.96%,48.51%,"108,045",5.49,"1,150","17,271",6.39,1.29,11.41,2026-07-09,28
Gao,Mage,90,C,51.04%,0.41%,0.03%,46.26%,50.88%,49.87%,"98,441",5.66,"1,104","17,684",6.3,0.5,4.64,2026-07-09,28
Yuhuan,Mage,91,C,49.73%,0.42%,0.01%,56.29%,52.08%,49.55%,"66,793",2.78,"1,324","25,027",10.07,0.4,3.65,2026-07-09,28
Nezha,Fighter/Tank,92,C,51.47%,0.39%,0.04%,48.12%,53.55%,54.67%,"79,758",5.71,"1,370","22,065",7.55,0.33,2.54,2026-07-09,28
Feyd,Assassin,93,C,50.76%,0.38%,0.06%,55.31%,53.43%,51.86%,"77,055",6.89,"1,500","19,542",4.25,0.68,6.22,2026-07-09,28
Guan Yu,Fighter,94,C,46.55%,0.37%,0.09%,50.86%,50.05%,47.25%,"63,817",4.24,"1,093","20,390",6.14,0.37,2.79,2026-07-09,28
Fuzi,Fighter,95,C,51.82%,0.38%,0.05%,53.24%,54.34%,55.46%,"57,995",3.35,"1,191","17,459",5.37,1.2,9.51,2026-07-09,28
Ukyo Tachibana,Assassin/Fighter,96,C,49.76%,0.39%,0.02%,50.88%,50.00%,53.67%,"73,657",4.56,"1,463","21,369",5.07,0.8,6.71,2026-07-09,28
Agudo,Marksman,97,C,51.58%,0.38%,0.02%,59.57%,51.12%,49.24%,"79,941",5.1,"1,461","32,954",6.02,1.28,12.33,2026-07-09,28
Lapulapu,Support/Tank,98,C,55.27%,0.37%,0.02%,57.60%,57.14%,51.89%,"50,103",1.76,817,"28,172",12.38,0.17,1.22,2026-07-09,28
Fatih,Fighter,99,C,51.16%,0.36%,0.06%,53.38%,53.15%,55.10%,"80,869",4.42,"1,367","23,993",5.57,0.78,6.95,2026-07-09,28
Bai Qi,Tank,100,C,51.01%,0.36%,0.04%,50.92%,52.61%,49.07%,"58,442",3.74,"1,072","36,244",6.74,0.33,2.27,2026-07-09,28
Menki,Fighter/Mage,101,C,52.99%,0.35%,0.04%,57.63%,55.84%,53.15%,"76,153",4.22,"1,371","30,482",6.45,0.72,6.22,2026-07-09,28
Liu Bei,Fighter,102,C,51.27%,0.34%,0.05%,42.56%,52.01%,51.75%,"69,914",5.78,"1,525","23,596",4.37,0.81,7.27,2026-07-09,28
Yango,Assassin,103,C,48.15%,0.33%,0.06%,52.35%,50.43%,51.60%,"77,817",3.94,"1,143","16,968",6.0,0.63,5.03,2026-07-09,28
Mulan,Fighter/Assassin,104,C,49.87%,0.34%,0.03%,55.62%,51.63%,49.54%,"74,272",4.4,"1,259","16,020",4.99,0.67,5.23,2026-07-09,28
Guiguzi,Support,105,C,51.35%,0.22%,0.25%,53.88%,55.07%,52.53%,"45,723",1.85,586,"22,652",13.92,0.18,1.45,2026-07-09,28
Sun Bin,Support/Mage,106,C,48.63%,0.33%,0.03%,53.17%,51.10%,49.87%,"52,219",1.7,731,"28,683",11.93,0.25,1.97,2026-07-09,28
Wuyan,Fighter/Tank,107,C,50.98%,0.33%,0.02%,44.35%,47.39%,45.21%,"71,294",4.04,"1,275","26,840",5.52,0.71,5.81,2026-07-09,28
Han Xin,Assassin,108,C,48.27%,0.31%,0.07%,46.10%,50.08%,53.52%,"63,213",4.72,"1,599","20,310",4.52,1.07,9.34,2026-07-09,28
Jing,Assassin,109,C,45.60%,0.29%,0.10%,54.97%,51.00%,55.75%,"66,965",5.14,"1,553","20,512",4.61,0.58,5.4,2026-07-09,28
Yang Jian,Fighter,110,C,50.52%,0.31%,0.02%,52.91%,50.18%,48.43%,"81,231",5.12,"1,432","23,290",5.42,0.46,3.78,2026-07-09,28
Pei,Assassin,111,C,50.17%,0.24%,0.06%,64.48%,52.79%,46.10%,"71,442",5.39,"1,598","23,422",5.04,1.12,10.08,2026-07-09,28
Liu Bang,Tank/Mage,112,C,48.78%,0.23%,0.01%,49.95%,50.02%,50.16%,"55,198",3.59,990,"28,052",9.31,0.38,3.52,2026-07-09,28
Xuance,Assassin,113,C,51.57%,0.21%,0.03%,57.87%,52.41%,50.17%,"64,102",5.9,"1,624","16,972",5.25,0.98,9.12,2026-07-09,28
Dharma,Fighter/Tank,114,C,50.87%,0.19%,0.02%,55.96%,52.58%,50.07%,"61,850",3.85,"1,221","21,171",5.93,0.6,4.57,2026-07-09,28
Cirrus,Assassin,115,C,50.45%,0.18%,0.01%,39.76%,48.33%,54.70%,"63,069",5.48,"1,458","19,015",5.27,0.7,5.6,2026-07-09,28
Athena,Fighter/Assassin,116,C,53.03%,0.06%,0.00%,45.75%,52.47%,60.76%,"79,076",5.43,"1,410","17,825",5.46,0.68,5.89,2026-07-09,28
Li Xin,Fighter,1,S,53.64%,2.64%,2.84%,47.28%,46.97%,49.93%,"73,501",3.79,"1,481","20,007",3.72,1.73,14.54,2026-07-16,29
Daji,Mage,2,S,51.64%,2.42%,3.04%,43.99%,49.61%,51.44%,"88,774",4.69,967,"13,526",6.51,0.26,2.0,2026-07-16,29
Augran,Fighter,3,S,49.81%,1.44%,4.92%,46.65%,47.82%,48.63%,"88,785",7.31,"1,431","21,004",3.95,0.63,5.26,2026-07-16,29
Florentino,Fighter,4,S,50.86%,0.50%,6.36%,55.45%,54.95%,54.17%,"76,747",5.13,"1,440","19,166",4.72,0.52,4.28,2026-07-16,29
Angela,Mage,5,S,51.89%,2.51%,2.15%,47.14%,48.49%,50.02%,"85,294",5.08,925,"17,860",5.93,0.37,3.07,2026-07-16,29
Liang,Mage,6,S,50.43%,0.72%,4.78%,47.74%,50.99%,51.24%,"61,074",2.49,"1,004","17,083",10.38,0.27,2.05,2026-07-16,29
Ao'yin,Marksman,7,S,47.80%,1.52%,3.16%,52.05%,49.03%,48.10%,"93,952",4.89,"1,021","21,297",6.05,1.15,9.6,2026-07-16,29
Hou Yi,Marksman,8,S,49.66%,2.63%,0.14%,46.60%,50.70%,51.29%,"88,369",4.74,905,"14,906",6.53,1.24,10.68,2026-07-16,29
Milady,Mage,9,S,48.00%,1.92%,1.44%,50.14%,43.69%,44.05%,"83,585",2.95,"1,309","11,883",6.02,1.6,16.89,2026-07-16,29
Luban No.7,Marksman,10,S,52.90%,2.22%,0.21%,49.51%,47.22%,53.11%,"108,082",5.32,820,"14,545",6.84,1.3,11.79,2026-07-16,29
Lorion,Mage,11,S,50.67%,0.66%,2.98%,54.87%,51.79%,51.78%,"101,972",4.21,"1,148","15,912",7.47,0.31,2.46,2026-07-16,29
Haya,Mage,12,A,49.34%,0.96%,2.29%,52.88%,51.96%,52.60%,"81,100",5.1,"1,001","19,743",5.54,0.31,2.64,2026-07-16,29
Wang Zhaojun,Mage,13,A,51.19%,1.80%,0.51%,50.23%,48.22%,47.59%,"77,598",3.27,514,"18,766",9.47,0.35,2.68,2026-07-16,29
Marco Polo,Marksman,14,A,49.16%,1.87%,0.27%,44.64%,47.83%,49.67%,"95,793",5.96,"1,386","18,537",5.62,1.02,8.0,2026-07-16,29
Dolia,Support,15,A,45.94%,1.73%,0.40%,46.74%,47.21%,48.51%,"39,640",1.06,151,"30,613",12.75,0.25,2.01,2026-07-16,29
Dun,Tank/Fighter,16,A,53.26%,1.73%,0.35%,46.95%,47.63%,46.62%,"72,904",3.63,"1,172","34,001",6.96,0.58,4.6,2026-07-16,29
Cai Yan,Support,17,A,50.44%,1.16%,1.45%,47.88%,48.41%,49.17%,"28,042",0.75,258,"30,879",11.92,0.28,2.34,2026-07-16,29
Erin,Marksman,18,A,50.77%,1.79%,0.17%,52.47%,49.04%,45.70%,"106,305",5.8,"1,264","17,583",5.88,1.28,11.11,2026-07-16,29
Lady Sun,Marksman,19,A,48.14%,1.76%,0.13%,48.88%,47.09%,50.37%,"93,921",5.28,"1,240","17,357",5.45,1.35,12.35,2026-07-16,29
Wukong,Assassin,20,A,50.27%,1.62%,0.34%,49.04%,49.91%,49.47%,"70,307",6.28,"1,541","19,449",4.29,0.61,5.4,2026-07-16,29
Kaizer,Fighter/Tank,21,A,51.02%,1.68%,0.15%,47.38%,49.83%,47.89%,"74,553",5.14,"1,404","20,860",4.85,0.73,6.05,2026-07-16,29
Xiao Qiao,Mage,22,A,48.48%,1.70%,0.11%,46.15%,49.04%,46.73%,"90,143",4.23,681,"14,450",6.86,0.27,2.17,2026-07-16,29
Consort Yu,Marksman,23,A,51.50%,1.59%,0.18%,45.54%,50.61%,50.00%,"96,836",5.21,"1,010","16,325",5.84,1.32,11.44,2026-07-16,29
Yaria,Support,24,A,48.05%,1.10%,1.14%,51.75%,51.97%,48.03%,"36,264",1.25,344,"18,517",12.26,0.12,0.98,2026-07-16,29
Donghuang,Support/Tank,25,A,48.53%,0.71%,1.88%,44.89%,49.81%,48.54%,"64,177",3.01,856,"26,596",9.78,0.27,2.01,2026-07-16,29
Mozi,Mage/Fighter,26,A,49.71%,1.24%,0.78%,52.60%,49.89%,50.90%,"63,039",2.05,811,"23,938",10.61,0.38,3.06,2026-07-16,29
Chicha,Fighter,27,A,50.90%,1.47%,0.29%,54.22%,52.82%,51.58%,"82,299",5.46,"1,417","20,076",4.77,0.91,7.76,2026-07-16,29
Luara,Marksman,28,A,52.88%,1.36%,0.12%,46.16%,52.28%,50.57%,"99,890",5.66,"1,004","15,368",6.04,1.29,11.42,2026-07-16,29
Kongming,Mage,29,A,50.07%,1.31%,0.18%,53.86%,51.92%,47.84%,"101,064",6.01,"1,441","18,536",5.62,0.28,2.27,2026-07-16,29
Garo,Marksman,30,A,53.77%,1.29%,0.21%,47.60%,51.28%,50.25%,"101,256",5.78,866,"15,257",6.17,1.24,10.98,2026-07-16,29
Lam,Assassin/Fighter,31,A,48.78%,1.14%,0.51%,46.76%,48.87%,49.42%,"73,550",6.74,"1,542","18,671",4.53,0.46,3.97,2026-07-16,29
Dyadia,Support/Mage,32,A,47.48%,0.98%,0.77%,52.45%,50.04%,46.74%,"40,884",1.79,192,"21,385",11.57,0.21,1.75,2026-07-16,29
Devara,Fighter/Mage,33,A,46.82%,1.24%,0.24%,51.70%,49.92%,50.95%,"72,564",3.2,"1,418","25,877",5.21,0.95,8.3,2026-07-16,29
Lu Bu,Fighter/Tank,34,A,48.35%,1.21%,0.17%,42.21%,47.10%,49.47%,"75,732",4.18,"1,157","21,986",6.12,0.54,4.05,2026-07-16,29
Dian Wei,Fighter,35,B,51.82%,1.15%,0.24%,42.56%,50.25%,52.48%,"78,746",6.19,"1,480","19,183",4.95,0.7,6.19,2026-07-16,29
Arthur,Fighter/Tank,36,B,50.15%,1.21%,0.09%,44.32%,51.32%,47.13%,"71,412",4.08,"1,127","28,668",6.39,0.55,4.64,2026-07-16,29
Alessio,Marksman,37,B,51.78%,1.20%,0.03%,45.48%,49.10%,51.66%,"104,248",5.15,"1,055","16,568",6.36,1.37,12.63,2026-07-16,29
Lian Po,Tank,38,B,52.43%,1.12%,0.13%,49.53%,50.09%,49.80%,"59,620",2.37,970,"34,626",10.02,0.48,3.64,2026-07-16,29
Mi Yue,Mage/Fighter,39,B,51.12%,0.84%,0.66%,54.81%,50.66%,45.57%,"78,154",4.42,"1,361","21,017",4.3,1.17,9.49,2026-07-16,29
Nuwa,Mage,40,B,52.20%,0.99%,0.32%,51.47%,51.76%,54.80%,"96,186",3.78,802,"15,608",8.28,0.23,1.77,2026-07-16,29
Zhuangzi,Support/Tank,41,B,49.47%,0.67%,0.91%,42.12%,49.08%,50.60%,"45,443",1.5,"1,010","38,980",11.66,0.19,1.37,2026-07-16,29
Musashi,Fighter/Assassin,42,B,50.27%,1.01%,0.16%,43.09%,49.76%,50.55%,"64,917",5.6,"1,450","19,116",5.17,0.48,4.28,2026-07-16,29
Da Qiao,Support/Mage,43,B,48.83%,0.86%,0.36%,51.82%,48.62%,50.03%,"68,099",1.82,518,"26,062",12.1,0.29,2.19,2026-07-16,29
Kui,Support/Mage,44,B,49.99%,0.85%,0.35%,49.46%,48.72%,47.00%,"48,604",2.64,387,"23,380",12.06,0.14,0.96,2026-07-16,29
Flowborn (Marksman),Marksman,45,B,51.71%,0.98%,0.04%,55.25%,52.20%,51.64%,"103,721",4.78,912,"18,968",5.86,1.39,12.66,2026-07-16,29
Lady Zhen,Mage,46,B,50.62%,0.95%,0.03%,47.83%,47.06%,46.60%,"96,020",3.11,578,"16,357",8.45,0.24,1.88,2026-07-16,29
Sun Ce,Fighter/Tank,47,B,48.75%,0.92%,0.03%,45.45%,47.35%,47.06%,"65,809",4.83,"1,294","17,131",8.06,0.52,4.06,2026-07-16,29
Fang,Marksman,48,B,50.03%,0.90%,0.03%,53.11%,46.46%,47.25%,"88,390",5.71,"1,476","16,003",6.58,1.15,9.93,2026-07-16,29
Liu Shan,Support/Tank,49,B,49.45%,0.87%,0.09%,46.81%,47.80%,49.01%,"42,250",2.02,669,"30,066",9.34,1.26,11.86,2026-07-16,29
Biron,Fighter/Tank,50,B,47.84%,0.88%,0.07%,47.87%,49.89%,48.82%,"66,517",2.91,"1,164","28,647",5.95,0.65,5.32,2026-07-16,29
Shouyue,Marksman/Assassin,51,B,50.37%,0.84%,0.09%,45.63%,52.86%,52.84%,"99,323",4.32,"1,069","17,071",6.54,1.09,9.24,2026-07-16,29
Zhang Fei,Support/Tank,52,B,48.88%,0.78%,0.20%,51.28%,50.82%,49.87%,"36,330",1.52,962,"40,792",11.05,0.21,1.61,2026-07-16,29
Sima Yi,Assassin/Mage,53,B,52.66%,0.77%,0.18%,46.09%,51.06%,52.50%,"80,653",7.2,"1,485","17,949",5.28,0.62,5.47,2026-07-16,29
Annette,Support/Mage,54,B,49.83%,0.59%,0.54%,49.10%,51.10%,51.06%,"61,181",1.36,305,"29,165",11.35,0.24,1.85,2026-07-16,29
Heino,Mage/Fighter,55,B,47.44%,0.80%,0.12%,46.37%,44.64%,43.82%,"103,352",2.83,"1,014","35,328",6.44,0.46,3.63,2026-07-16,29
Shi,Mage,56,B,50.95%,0.68%,0.32%,59.66%,52.83%,49.68%,"83,226",3.1,351,"17,075",9.14,0.25,1.93,2026-07-16,29
Arke,Assassin,57,B,51.38%,0.53%,0.60%,44.67%,51.74%,51.47%,"67,154",6.8,"1,388","19,006",4.67,0.44,3.9,2026-07-16,29
Di Renjie,Marksman,58,B,51.51%,0.82%,0.02%,49.03%,49.31%,47.42%,"96,879",4.66,"1,066","18,333",6.6,1.4,12.71,2026-07-16,29
Arli,Marksman,59,B,46.44%,0.70%,0.26%,47.07%,49.54%,51.02%,"86,048",5.24,"1,531","17,288",5.01,1.05,8.88,2026-07-16,29
Zilong,Fighter/Assassin,60,B,51.90%,0.80%,0.02%,47.64%,49.18%,50.13%,"70,601",5.53,"1,457","21,236",5.52,0.51,4.25,2026-07-16,29
Butterfly,Fighter,61,B,51.63%,0.76%,0.09%,50.98%,48.41%,44.21%,"78,298",6.7,"1,488","22,429",4.68,0.51,4.17,2026-07-16,29
Garuda,Mage,62,B,50.96%,0.79%,0.03%,48.02%,51.46%,51.40%,"96,386",3.98,"1,021","19,991",6.87,0.53,4.74,2026-07-16,29
Ziya,Mage,63,B,50.71%,0.74%,0.07%,44.30%,47.19%,51.76%,"91,936",3.13,730,"15,721",8.34,0.33,3.15,2026-07-16,29
Xiang Yu,Tank/Fighter,64,B,51.00%,0.74%,0.04%,45.23%,47.06%,50.78%,"71,231",3.69,"1,022","21,371",7.14,0.52,3.98,2026-07-16,29
Ying,Fighter/Assassin,65,B,53.62%,0.72%,0.06%,54.26%,53.59%,48.96%,"81,560",5.29,"1,437","21,020",6.44,0.6,5.13,2026-07-16,29
Mai Shiranui,Assassin/Mage,66,B,48.36%,0.69%,0.13%,57.56%,50.58%,48.67%,"80,682",4.28,"1,224","18,166",6.43,0.27,2.18,2026-07-16,29
Luna,Fighter/Mage,67,B,46.27%,0.63%,0.20%,50.03%,48.31%,49.89%,"76,997",4.9,"1,548","23,892",5.3,0.46,4.12,2026-07-16,29
Diaochan,Mage,68,B,47.95%,0.68%,0.08%,44.59%,49.70%,53.44%,"91,020",4.61,"1,205","18,726",5.55,0.29,2.36,2026-07-16,29
Changgong,Assassin,69,B,49.79%,0.48%,0.47%,42.76%,46.91%,55.51%,"68,123",6.65,"1,291","15,072",5.94,0.32,2.67,2026-07-16,29
Allain,Fighter,70,C,50.48%,0.69%,0.04%,45.42%,48.93%,50.90%,"77,436",5.17,"1,192","22,548",4.88,0.47,3.53,2026-07-16,29
Charlotte,Fighter,71,C,49.62%,0.67%,0.05%,53.88%,51.01%,48.20%,"80,799",4.33,"1,281","21,197",5.25,0.58,4.73,2026-07-16,29
Yixing,Mage,72,C,51.39%,0.66%,0.03%,47.81%,51.17%,52.20%,"80,672",3.4,854,"21,084",10.11,0.37,2.96,2026-07-16,29
Chano,Marksman,73,C,50.76%,0.63%,0.06%,52.52%,52.40%,55.37%,"96,596",5.22,"1,248","16,146",5.91,1.2,10.93,2026-07-16,29
Umbrosa,Fighter,74,C,49.87%,0.61%,0.04%,55.78%,50.29%,53.83%,"79,440",4.15,"1,341","26,412",4.99,1.17,9.95,2026-07-16,29
Meng Ya,Marksman,75,C,53.82%,0.57%,0.01%,49.46%,52.13%,54.98%,"106,694",5.41,"1,157","17,273",6.41,1.27,11.33,2026-07-16,29
Dr Bian,Mage,76,C,49.81%,0.54%,0.07%,50.06%,49.84%,48.89%,"76,741",3.18,"1,041","22,191",9.25,0.35,2.96,2026-07-16,29
Flowborn (Tank),Tank/Fighter,77,C,48.33%,0.54%,0.06%,44.55%,45.75%,51.83%,"65,865",3.42,"1,124","29,313",5.67,0.65,5.23,2026-07-16,29
Nakoruru,Assassin,78,C,50.87%,0.54%,0.04%,41.09%,47.50%,51.37%,"74,651",6.89,"1,492","16,716",4.66,0.43,3.48,2026-07-16,29
Ata,Tank,79,C,52.23%,0.54%,0.04%,49.80%,49.89%,50.92%,"71,293",3.56,"1,246","42,598",6.39,0.53,4.17,2026-07-16,29
Li Bai,Assassin,80,C,51.60%,0.49%,0.14%,50.52%,49.16%,49.50%,"82,968",4.98,"1,464","17,700",5.47,0.55,4.66,2026-07-16,29
Yao,Fighter/Assassin,81,C,50.84%,0.52%,0.03%,48.77%,50.67%,49.11%,"77,983",5.14,"1,552","22,073",4.86,0.56,4.59,2026-07-16,29
Sakeer,Support/Mage,82,C,53.19%,0.50%,0.02%,55.08%,52.66%,49.95%,"51,724",2.01,564,"24,865",12.33,0.22,1.51,2026-07-16,29
Gan & Mo,Mage,83,C,49.91%,0.47%,0.08%,52.93%,49.36%,51.11%,"104,202",3.91,"1,494","15,275",6.18,0.27,1.88,2026-07-16,29
Shangguan,Mage/Assassin,84,C,48.33%,0.48%,0.06%,52.25%,48.98%,48.16%,"85,791",5.53,"1,259","15,100",5.62,0.45,4.0,2026-07-16,29
Flowborn (Mage),Mage,85,C,51.74%,0.48%,0.04%,48.10%,51.64%,46.98%,"96,599",4.54,770,"15,123",6.96,0.35,2.76,2026-07-16,29
Feyd,Assassin,86,C,51.67%,0.45%,0.09%,56.17%,54.44%,55.98%,"77,896",6.97,"1,511","19,694",4.26,0.7,6.46,2026-07-16,29
Ming,Support,87,C,50.86%,0.46%,0.03%,45.34%,50.24%,47.42%,"30,922",1.63,805,"22,417",11.86,0.34,3.27,2026-07-16,29
Zhou Yu,Mage,88,C,50.97%,0.46%,0.01%,56.28%,48.69%,47.21%,"98,475",3.57,975,"16,465",8.01,0.67,7.17,2026-07-16,29
Huang Zhong,Marksman,89,C,51.04%,0.45%,0.01%,47.53%,49.17%,48.55%,"99,276",4.86,853,"16,919",5.94,1.26,11.87,2026-07-16,29
Gao,Mage,90,C,51.07%,0.43%,0.04%,43.96%,50.62%,48.71%,"98,171",5.65,"1,062","17,789",6.25,0.5,4.62,2026-07-16,29
Mayene,Fighter,91,C,47.20%,0.42%,0.05%,48.90%,48.82%,48.45%,"65,335",4.8,"1,078","18,293",4.66,0.53,3.99,2026-07-16,29
Yuhuan,Mage,92,C,49.87%,0.43%,0.01%,56.44%,51.77%,49.59%,"66,823",2.77,"1,350","25,154",10.02,0.41,3.65,2026-07-16,29
Nezha,Fighter/Tank,93,C,51.77%,0.41%,0.04%,45.61%,53.25%,51.03%,"79,402",5.68,"1,378","22,268",7.58,0.33,2.58,2026-07-16,29
Agudo,Marksman,94,C,52.16%,0.42%,0.02%,61.93%,51.77%,48.12%,"79,007",5.02,"1,466","33,098",6.0,1.29,12.51,2026-07-16,29
Fuzi,Fighter,95,C,51.55%,0.39%,0.05%,51.88%,53.81%,55.18%,"57,909",3.32,"1,202","17,544",5.33,1.22,9.58,2026-07-16,29
Guan Yu,Fighter,96,C,46.23%,0.37%,0.09%,50.86%,48.95%,50.87%,"63,398",4.22,"1,077","20,442",6.14,0.36,2.72,2026-07-16,29
Fatih,Fighter,97,C,51.02%,0.37%,0.06%,54.64%,54.97%,52.43%,"80,661",4.4,"1,375","24,182",5.57,0.79,6.99,2026-07-16,29
Lapulapu,Support/Tank,98,C,55.15%,0.37%,0.02%,56.85%,58.20%,55.72%,"48,613",1.7,777,"28,152",12.29,0.17,1.21,2026-07-16,29
Ukyo Tachibana,Assassin/Fighter,99,C,49.45%,0.38%,0.02%,50.30%,48.12%,47.79%,"73,418",4.53,"1,479","21,400",5.06,0.8,6.75,2026-07-16,29
Bai Qi,Tank,100,C,50.76%,0.35%,0.04%,51.31%,50.07%,49.76%,"57,852",3.69,"1,076","36,541",6.74,0.33,2.29,2026-07-16,29
Jing,Assassin,101,C,45.68%,0.32%,0.11%,51.17%,48.17%,53.75%,"67,299",5.17,"1,564","20,679",4.63,0.58,5.4,2026-07-16,29
Liu Bei,Fighter,102,C,51.11%,0.34%,0.04%,42.02%,49.21%,51.65%,"69,749",5.74,"1,530","23,749",4.38,0.81,7.28,2026-07-16,29
Guiguzi,Support,103,C,51.94%,0.23%,0.24%,52.62%,54.29%,54.06%,"45,355",1.84,529,"22,612",13.96,0.17,1.46,2026-07-16,29
Mulan,Fighter/Assassin,104,C,50.71%,0.34%,0.03%,55.25%,52.13%,50.75%,"74,212",4.42,"1,324","16,253",4.97,0.67,5.23,2026-07-16,29
Yango,Assassin,105,C,48.17%,0.33%,0.06%,53.65%,49.64%,51.07%,"77,757",3.96,"1,177","17,176",5.98,0.64,5.08,2026-07-16,29
Wuyan,Fighter/Tank,106,C,51.14%,0.34%,0.02%,46.52%,49.86%,49.85%,"71,202",4.05,"1,292","26,788",5.5,0.72,5.93,2026-07-16,29
Sun Bin,Support/Mage,107,C,48.64%,0.33%,0.03%,50.00%,50.30%,50.95%,"51,950",1.67,708,"28,901",11.85,0.25,1.97,2026-07-16,29
Menki,Fighter/Mage,108,C,53.41%,0.31%,0.03%,57.72%,56.19%,50.78%,"75,673",4.19,"1,377","30,591",6.37,0.75,6.53,2026-07-16,29
Yang Jian,Fighter,109,C,51.01%,0.32%,0.02%,53.46%,50.96%,50.63%,"80,743",5.06,"1,430","23,353",5.44,0.46,3.76,2026-07-16,29
Han Xin,Assassin,110,C,48.39%,0.30%,0.06%,46.44%,48.89%,50.69%,"62,969",4.68,"1,606","20,414",4.52,1.07,9.37,2026-07-16,29
Liu Bang,Tank/Mage,111,C,49.00%,0.30%,0.02%,51.68%,52.07%,50.24%,"55,883",3.64,"1,019","28,204",9.25,0.39,3.55,2026-07-16,29
Pei,Assassin,112,C,50.84%,0.24%,0.07%,63.18%,50.76%,50.70%,"71,660",5.4,"1,600","23,587",5.01,1.13,10.17,2026-07-16,29
Xuance,Assassin,113,C,51.74%,0.21%,0.03%,56.12%,50.87%,47.10%,"65,300",6.0,"1,650","17,271",5.27,1.01,9.42,2026-07-16,29
Dharma,Fighter/Tank,114,C,51.09%,0.19%,0.01%,55.26%,54.20%,52.51%,"62,541",3.91,"1,232","21,359",5.95,0.6,4.58,2026-07-16,29
Cirrus,Assassin,115,C,50.21%,0.18%,0.01%,48.81%,50.37%,55.79%,"63,164",5.42,"1,459","19,164",5.27,0.72,5.72,2026-07-16,29
Athena,Fighter/Assassin,116,C,53.38%,0.07%,0.00%,54.12%,54.02%,48.34%,"78,716",5.37,"1,420","18,096",5.51,0.7,6.12,2026-07-16,29
Li Xin,Fighter,1,S,53.36%,2.92%,3.78%,46.72%,45.67%,49.38%,"74,607",3.84,"1,500","20,057",3.81,1.7,14.21,2026-07-23,30
Augran,Fighter,2,S,49.79%,1.47%,4.99%,46.52%,48.82%,48.42%,"88,921",7.31,"1,427","20,865",3.95,0.64,5.28,2026-07-23,30
Daji,Mage,3,S,51.73%,2.43%,3.05%,41.73%,49.12%,51.50%,"88,771",4.68,922,"13,528",6.48,0.26,2.02,2026-07-23,30
Angela,Mage,4,S,51.91%,2.51%,2.27%,47.45%,49.04%,49.22%,"85,218",5.07,939,"17,873",5.9,0.38,3.09,2026-07-23,30
Florentino,Fighter,5,S,50.82%,0.47%,6.11%,55.60%,54.50%,53.80%,"76,633",5.14,"1,431","19,175",4.7,0.52,4.31,2026-07-23,30
Ao'yin,Marksman,6,S,48.03%,1.59%,2.90%,51.83%,49.55%,48.34%,"93,542",4.85,"1,093","21,251",6.03,1.15,9.58,2026-07-23,30
Liang,Mage,7,S,50.64%,0.74%,4.52%,48.33%,50.08%,48.86%,"61,285",2.49,"1,104","17,212",10.36,0.27,2.05,2026-07-23,30
Hou Yi,Marksman,8,S,50.10%,2.80%,0.14%,44.65%,50.18%,52.03%,"88,817",4.76,897,"14,972",6.53,1.24,10.71,2026-07-23,30
Milady,Mage,9,S,48.00%,1.93%,1.48%,48.10%,45.80%,45.89%,"83,345",2.96,"1,271","11,913",5.98,1.6,16.94,2026-07-23,30
Luban No.7,Marksman,10,S,51.00%,2.12%,0.21%,48.07%,46.91%,50.37%,"105,285",5.04,760,"14,381",6.8,1.26,11.45,2026-07-23,30
Haya,Mage,11,S,49.61%,0.95%,2.13%,54.07%,52.02%,50.64%,"80,814",5.06,981,"19,801",5.53,0.31,2.64,2026-07-23,30
Wang Zhaojun,Mage,12,A,50.22%,1.72%,0.48%,49.32%,49.21%,47.63%,"76,469",3.22,398,"18,687",9.4,0.35,2.67,2026-07-23,30
Chicha,Fighter,13,A,50.68%,1.73%,0.46%,52.57%,52.00%,50.35%,"82,332",5.5,"1,412","20,011",4.75,0.91,7.72,2026-07-23,30
Marco Polo,Marksman,14,A,49.23%,1.83%,0.25%,42.15%,47.87%,47.78%,"95,441",5.92,"1,411","18,583",5.59,1.02,7.95,2026-07-23,30
Dun,Tank/Fighter,15,A,53.15%,1.74%,0.36%,46.32%,48.96%,47.57%,"72,825",3.63,"1,171","33,981",6.93,0.58,4.6,2026-07-23,30
Cai Yan,Support,16,A,50.57%,1.16%,1.50%,49.90%,48.67%,46.47%,"28,126",0.75,241,"31,015",11.89,0.29,2.35,2026-07-23,30
Lorion,Mage,17,A,51.64%,0.61%,2.59%,52.14%,52.98%,54.27%,"102,030",4.25,"1,110","15,965",7.46,0.31,2.49,2026-07-23,30
Dolia,Support,18,A,45.72%,1.70%,0.39%,47.65%,47.14%,47.79%,"39,765",1.07,202,"30,850",12.73,0.25,2.0,2026-07-23,30
Erin,Marksman,19,A,51.15%,1.78%,0.17%,54.04%,49.74%,47.22%,"105,972",5.78,"1,233","17,498",5.87,1.28,11.12,2026-07-23,30
Wukong,Assassin,20,A,49.84%,1.60%,0.33%,47.18%,49.49%,48.72%,"69,925",6.25,"1,537","19,444",4.26,0.61,5.38,2026-07-23,30
Xiao Qiao,Mage,21,A,48.23%,1.68%,0.12%,48.96%,48.80%,48.84%,"89,893",4.2,743,"14,464",6.82,0.27,2.17,2026-07-23,30
Mozi,Mage/Fighter,22,A,49.78%,1.34%,0.79%,51.53%,49.05%,50.69%,"62,747",2.03,958,"24,121",10.57,0.38,3.05,2026-07-23,30
Kaizer,Fighter/Tank,23,A,51.11%,1.66%,0.15%,47.16%,50.20%,49.08%,"74,490",5.14,"1,399","20,792",4.81,0.73,6.07,2026-07-23,30
Consort Yu,Marksman,24,A,51.86%,1.60%,0.18%,46.44%,49.72%,52.49%,"96,496",5.19,997,"16,348",5.82,1.32,11.48,2026-07-23,30
Donghuang,Support/Tank,25,A,48.42%,0.73%,1.90%,48.13%,47.08%,49.03%,"64,571",3.05,857,"26,667",9.67,0.27,2.02,2026-07-23,30
Lady Sun,Marksman,26,A,48.38%,1.58%,0.08%,49.14%,46.70%,48.38%,"93,646",5.26,"1,164","17,424",5.44,1.36,12.38,2026-07-23,30
Yaria,Support,27,A,48.03%,1.06%,1.11%,52.27%,52.65%,47.09%,"36,189",1.24,360,"18,472",12.21,0.12,0.98,2026-07-23,30
Devara,Fighter/Mage,28,A,47.59%,1.38%,0.33%,52.53%,51.52%,50.48%,"74,060",3.29,"1,428","26,183",5.24,0.96,8.45,2026-07-23,30
Nuwa,Mage,29,A,53.30%,1.25%,0.54%,54.51%,53.39%,53.04%,"98,169",3.94,663,"15,624",8.3,0.24,1.84,2026-07-23,30
Garo,Marksman,30,A,53.91%,1.36%,0.23%,47.45%,51.03%,49.24%,"101,268",5.77,876,"15,277",6.15,1.24,10.99,2026-07-23,30
Luara,Marksman,31,A,53.21%,1.41%,0.12%,48.75%,50.83%,56.60%,"100,227",5.68,980,"15,337",6.04,1.3,11.45,2026-07-23,30
Kongming,Mage,32,A,49.51%,1.33%,0.19%,51.84%,51.58%,48.46%,"99,873",5.94,"1,435","18,385",5.57,0.28,2.26,2026-07-23,30
Dyadia,Support/Mage,33,A,47.38%,0.96%,0.77%,51.35%,49.88%,49.80%,"40,856",1.78,270,"21,367",11.54,0.21,1.75,2026-07-23,30
Arthur,Fighter/Tank,34,A,50.04%,1.24%,0.10%,44.32%,49.81%,48.26%,"71,575",4.08,"1,121","28,635",6.36,0.55,4.65,2026-07-23,30
Dian Wei,Fighter,35,B,51.87%,1.15%,0.27%,43.64%,49.64%,50.56%,"78,443",6.16,"1,478","19,136",4.94,0.7,6.16,2026-07-23,30
Lam,Assassin/Fighter,36,B,48.89%,1.05%,0.41%,46.53%,50.67%,49.42%,"73,488",6.76,"1,543","18,803",4.51,0.47,4.0,2026-07-23,30
Mi Yue,Mage/Fighter,37,B,51.02%,0.88%,0.72%,55.27%,51.80%,48.45%,"77,719",4.41,"1,374","20,894",4.29,1.17,9.49,2026-07-23,30
Lian Po,Tank,38,B,52.79%,1.14%,0.13%,50.56%,50.33%,49.69%,"60,161",2.42,963,"34,810",10.01,0.49,3.71,2026-07-23,30
Lu Bu,Fighter/Tank,39,B,48.52%,1.09%,0.13%,42.43%,48.74%,48.76%,"75,936",4.2,"1,168","21,967",6.11,0.54,4.06,2026-07-23,30
Zhuangzi,Support/Tank,40,B,49.66%,0.66%,0.90%,42.65%,50.52%,53.02%,"45,328",1.49,935,"39,251",11.61,0.19,1.37,2026-07-23,30
Musashi,Fighter/Assassin,41,B,50.01%,1.02%,0.16%,41.87%,48.96%,51.68%,"64,582",5.56,"1,446","19,089",5.15,0.48,4.27,2026-07-23,30
Alessio,Marksman,42,B,52.43%,1.01%,0.03%,47.66%,50.36%,52.84%,"104,218",5.13,"1,057","16,632",6.39,1.39,12.83,2026-07-23,30
Kui,Support/Mage,43,B,49.99%,0.85%,0.34%,47.56%,49.02%,51.67%,"48,712",2.64,579,"23,370",12.01,0.14,0.97,2026-07-23,30
Da Qiao,Support/Mage,44,B,48.36%,0.84%,0.36%,53.78%,48.08%,49.90%,"68,125",1.82,264,"25,827",12.03,0.29,2.17,2026-07-23,30
Flowborn (Marksman),Marksman,45,B,51.83%,0.97%,0.05%,55.11%,51.49%,50.61%,"103,209",4.74,975,"18,925",5.85,1.39,12.66,2026-07-23,30
Liu Shan,Support/Tank,46,B,49.97%,0.92%,0.10%,45.56%,50.29%,53.15%,"42,687",2.06,781,"29,879",9.3,1.27,12.0,2026-07-23,30
Lady Zhen,Mage,47,B,50.83%,0.94%,0.03%,46.73%,49.01%,47.44%,"95,724",3.11,726,"16,422",8.42,0.24,1.91,2026-07-23,30
Zhang Fei,Support/Tank,48,B,49.00%,0.84%,0.20%,50.88%,50.83%,49.88%,"36,705",1.53,937,"40,700",11.06,0.22,1.63,2026-07-23,30
Sun Ce,Fighter/Tank,49,B,48.89%,0.91%,0.03%,44.75%,47.83%,48.21%,"65,568",4.79,"1,297","17,378",8.05,0.52,4.04,2026-07-23,30
Fang,Marksman,50,B,49.98%,0.90%,0.03%,49.77%,45.48%,47.70%,"88,102",5.68,"1,467","15,973",6.57,1.15,9.94,2026-07-23,30
Biron,Fighter/Tank,51,B,47.90%,0.87%,0.07%,50.74%,49.82%,49.96%,"66,428",2.87,"1,151","28,849",5.94,0.65,5.37,2026-07-23,30
Shouyue,Marksman/Assassin,52,B,50.42%,0.84%,0.09%,46.50%,52.03%,54.73%,"99,262",4.3,"1,086","17,113",6.52,1.1,9.27,2026-07-23,30
Arke,Assassin,53,B,51.54%,0.54%,0.61%,44.30%,49.75%,53.09%,"66,595",6.73,"1,392","19,050",4.65,0.45,3.92,2026-07-23,30
Di Renjie,Marksman,54,B,51.52%,0.83%,0.02%,49.43%,49.07%,47.09%,"96,669",4.65,943,"18,333",6.57,1.4,12.67,2026-07-23,30
Heino,Mage/Fighter,55,B,47.26%,0.77%,0.12%,44.93%,44.44%,43.45%,"103,150",2.82,998,"35,339",6.42,0.46,3.63,2026-07-23,30
Sima Yi,Assassin/Mage,56,B,53.01%,0.73%,0.15%,48.67%,51.14%,51.10%,"80,349",7.21,"1,479","18,070",5.28,0.62,5.5,2026-07-23,30
Arli,Marksman,57,B,46.49%,0.69%,0.25%,49.04%,50.05%,50.05%,"85,706",5.21,"1,525","17,267",5.01,1.05,8.89,2026-07-23,30
Butterfly,Fighter,58,B,51.91%,0.75%,0.09%,48.27%,50.36%,44.71%,"78,183",6.68,"1,483","22,413",4.68,0.51,4.17,2026-07-23,30
Zilong,Fighter/Assassin,59,B,51.81%,0.78%,0.02%,48.56%,49.17%,50.13%,"70,276",5.52,"1,452","21,196",5.49,0.51,4.26,2026-07-23,30
Garuda,Mage,60,B,50.76%,0.77%,0.03%,50.18%,50.74%,50.99%,"95,965",3.92,935,"20,106",6.83,0.53,4.73,2026-07-23,30
Ziya,Mage,61,B,50.37%,0.73%,0.07%,45.59%,45.98%,49.92%,"91,648",3.12,889,"15,745",8.32,0.33,3.13,2026-07-23,30
Ying,Fighter/Assassin,62,B,53.41%,0.71%,0.05%,54.12%,52.95%,49.27%,"81,060",5.26,"1,430","20,911",6.4,0.59,5.09,2026-07-23,30
Changgong,Assassin,63,B,49.23%,0.49%,0.51%,41.79%,45.88%,50.15%,"67,868",6.61,"1,287","15,026",5.92,0.32,2.62,2026-07-23,30
Shi,Mage,64,B,51.66%,0.61%,0.26%,59.12%,51.23%,49.63%,"83,662",3.18,553,"17,248",9.13,0.24,1.93,2026-07-23,30
Xiang Yu,Tank/Fighter,65,B,50.86%,0.72%,0.03%,47.87%,47.50%,51.84%,"71,006",3.66,"1,070","21,423",7.16,0.51,3.93,2026-07-23,30
Annette,Support/Mage,66,B,49.66%,0.52%,0.41%,49.13%,50.03%,50.29%,"61,434",1.36,334,"29,008",11.31,0.25,1.86,2026-07-23,30
Charlotte,Fighter,67,B,49.16%,0.69%,0.05%,52.49%,49.65%,48.55%,"80,511",4.32,"1,264","21,043",5.23,0.57,4.7,2026-07-23,30
Mai Shiranui,Assassin/Mage,68,B,48.06%,0.66%,0.11%,55.56%,49.57%,47.98%,"80,498",4.27,"1,212","18,212",6.39,0.26,2.17,2026-07-23,30
Diaochan,Mage,69,B,47.95%,0.66%,0.07%,44.75%,50.08%,51.44%,"90,546",4.6,"1,220","18,714",5.52,0.29,2.36,2026-07-23,30
Allain,Fighter,70,C,50.63%,0.67%,0.03%,42.66%,48.30%,50.28%,"77,370",5.18,"1,193","22,545",4.86,0.48,3.56,2026-07-23,30
Luna,Fighter/Mage,71,C,46.58%,0.58%,0.19%,53.51%,48.83%,45.85%,"76,896",4.9,"1,551","23,821",5.27,0.46,4.14,2026-07-23,30
Chano,Marksman,72,C,50.64%,0.63%,0.06%,53.35%,54.69%,52.41%,"96,333",5.17,"1,240","16,142",5.87,1.19,10.82,2026-07-23,30
Feyd,Assassin,73,C,53.03%,0.58%,0.15%,57.54%,55.17%,55.16%,"79,270",7.14,"1,519","19,990",4.29,0.73,6.76,2026-07-23,30
Yixing,Mage,74,C,51.19%,0.64%,0.02%,47.19%,50.73%,47.80%,"80,671",3.42,871,"21,171",10.09,0.37,2.98,2026-07-23,30
Umbrosa,Fighter,75,C,49.58%,0.62%,0.04%,54.04%,51.50%,45.41%,"79,307",4.09,"1,330","26,558",4.97,1.17,9.98,2026-07-23,30
Meng Ya,Marksman,76,C,53.97%,0.57%,0.01%,50.92%,54.67%,51.16%,"106,346",5.38,"1,150","17,477",6.36,1.28,11.4,2026-07-23,30
Dr Bian,Mage,77,C,49.08%,0.54%,0.08%,46.70%,49.56%,51.96%,"76,640",3.18,"1,029","22,107",9.19,0.35,2.97,2026-07-23,30
Flowborn (Tank),Tank/Fighter,78,C,48.70%,0.54%,0.05%,48.84%,48.08%,51.52%,"66,079",3.46,"1,119","29,232",5.7,0.66,5.28,2026-07-23,30
Ata,Tank,79,C,52.20%,0.54%,0.04%,50.17%,49.78%,50.13%,"71,339",3.56,"1,249","42,518",6.37,0.54,4.2,2026-07-23,30
Nakoruru,Assassin,80,C,51.02%,0.53%,0.04%,46.44%,47.63%,52.80%,"74,997",6.95,"1,495","16,865",4.67,0.43,3.5,2026-07-23,30
Li Bai,Assassin,81,C,51.76%,0.47%,0.13%,47.99%,48.49%,52.69%,"83,205",5.01,"1,465","17,749",5.45,0.54,4.63,2026-07-23,30
Yao,Fighter/Assassin,82,C,51.07%,0.51%,0.04%,50.42%,50.61%,48.48%,"77,403",5.1,"1,548","22,000",4.84,0.57,4.59,2026-07-23,30
Sakeer,Support/Mage,83,C,53.27%,0.50%,0.02%,53.89%,52.32%,48.63%,"51,498",2.0,371,"24,908",12.29,0.22,1.51,2026-07-23,30
Gan & Mo,Mage,84,C,50.11%,0.45%,0.08%,52.32%,47.24%,52.07%,"104,253",3.91,"1,482","15,307",6.17,0.26,1.86,2026-07-23,30
Flowborn (Mage),Mage,85,C,51.40%,0.46%,0.04%,49.41%,51.34%,49.77%,"96,912",4.54,949,"15,218",6.93,0.35,2.75,2026-07-23,30
Ming,Support,86,C,51.05%,0.46%,0.03%,46.49%,50.56%,51.43%,"31,252",1.65,719,"22,577",11.84,0.34,3.27,2026-07-23,30
Huang Zhong,Marksman,87,C,51.13%,0.46%,0.01%,49.16%,49.21%,47.53%,"99,304",4.83,"1,009","16,973",5.92,1.26,11.87,2026-07-23,30
Shangguan,Mage/Assassin,88,C,47.83%,0.44%,0.05%,51.80%,49.06%,51.20%,"85,741",5.52,"1,216","15,106",5.61,0.45,3.98,2026-07-23,30
Zhou Yu,Mage,89,C,51.23%,0.45%,0.01%,52.08%,46.83%,48.05%,"97,863",3.56,"1,249","16,497",7.97,0.66,7.22,2026-07-23,30
Gao,Mage,90,C,51.20%,0.42%,0.04%,49.46%,50.30%,50.64%,"98,069",5.63,"1,013","17,778",6.27,0.5,4.59,2026-07-23,30
Fuzi,Fighter,91,C,51.85%,0.41%,0.05%,52.09%,54.67%,53.56%,"57,658",3.31,"1,192","17,543",5.33,1.21,9.57,2026-07-23,30
Agudo,Marksman,92,C,51.44%,0.41%,0.02%,58.96%,50.60%,51.11%,"79,025",5.02,"1,462","32,854",5.95,1.28,12.42,2026-07-23,30
Nezha,Fighter/Tank,93,C,51.56%,0.40%,0.04%,47.18%,52.21%,53.84%,"79,365",5.66,"1,375","22,069",7.57,0.33,2.59,2026-07-23,30
Mayene,Fighter,94,C,47.09%,0.40%,0.05%,47.73%,49.84%,49.85%,"65,599",4.84,"1,094","18,268",4.65,0.52,3.96,2026-07-23,30
Yuhuan,Mage,95,C,50.06%,0.41%,0.01%,54.52%,51.20%,49.38%,"66,309",2.74,"1,331","25,153",9.95,0.4,3.61,2026-07-23,30
Guan Yu,Fighter,96,C,46.12%,0.38%,0.09%,49.12%,49.71%,49.85%,"62,823",4.14,982,"20,128",6.1,0.36,2.74,2026-07-23,30
Fatih,Fighter,97,C,51.55%,0.36%,0.06%,54.73%,51.54%,52.90%,"80,635",4.4,"1,365","24,044",5.57,0.78,6.99,2026-07-23,30
Ukyo Tachibana,Assassin/Fighter,98,C,49.81%,0.38%,0.02%,47.46%,49.00%,49.77%,"73,664",4.53,"1,469","21,423",5.04,0.81,6.74,2026-07-23,30
Liu Bang,Tank/Mage,99,C,48.73%,0.35%,0.04%,51.77%,49.70%,50.84%,"56,645",3.65,"1,053","28,320",9.2,0.39,3.53,2026-07-23,30
Wuyan,Fighter/Tank,100,C,50.68%,0.35%,0.02%,48.21%,47.93%,47.95%,"71,747",4.08,"1,290","26,900",5.5,0.72,5.89,2026-07-23,30
Liu Bei,Fighter,101,C,51.39%,0.34%,0.04%,39.12%,47.41%,49.72%,"68,956",5.7,"1,530","23,542",4.33,0.8,7.3,2026-07-23,30
Lapulapu,Support/Tank,102,C,54.70%,0.34%,0.02%,58.56%,55.87%,52.78%,"46,238",1.6,688,"28,161",12.2,0.16,1.19,2026-07-23,30
Yango,Assassin,103,C,48.09%,0.33%,0.05%,52.15%,51.98%,52.17%,"77,221",3.94,"1,233","17,027",5.97,0.64,5.11,2026-07-23,30
Bai Qi,Tank,104,C,50.90%,0.33%,0.04%,50.25%,50.29%,50.25%,"57,983",3.74,"1,076","36,629",6.64,0.33,2.29,2026-07-23,30
Jing,Assassin,105,C,45.14%,0.31%,0.10%,50.34%,47.29%,51.80%,"66,234",5.03,"1,556","20,664",4.57,0.57,5.19,2026-07-23,30
Guiguzi,Support,106,C,51.16%,0.22%,0.25%,52.02%,52.44%,51.62%,"45,210",1.82,279,"22,527",13.85,0.17,1.42,2026-07-23,30
Sun Bin,Support/Mage,107,C,49.47%,0.32%,0.03%,48.48%,52.15%,52.51%,"51,564",1.66,963,"28,984",11.85,0.25,1.98,2026-07-23,30
Mulan,Fighter/Assassin,108,C,49.81%,0.32%,0.03%,52.93%,52.05%,50.42%,"74,111",4.43,"1,313","16,135",4.94,0.68,5.23,2026-07-23,30
Han Xin,Assassin,109,C,48.60%,0.29%,0.06%,45.82%,49.04%,52.14%,"62,440",4.63,"1,598","20,296",4.5,1.07,9.34,2026-07-23,30
Yang Jian,Fighter,110,C,50.28%,0.30%,0.01%,52.75%,51.18%,47.40%,"80,718",5.05,"1,427","23,443",5.41,0.46,3.81,2026-07-23,30
Pei,Assassin,111,C,51.14%,0.24%,0.06%,63.84%,51.77%,50.16%,"71,672",5.41,"1,601","23,779",5.03,1.12,10.14,2026-07-23,30
Menki,Fighter/Mage,112,C,53.83%,0.24%,0.02%,61.27%,54.12%,47.57%,"75,482",4.14,"1,376","30,866",6.36,0.76,6.62,2026-07-23,30
Xuance,Assassin,113,C,52.48%,0.21%,0.02%,57.70%,51.31%,51.87%,"64,796",5.99,"1,649","17,300",5.23,1.02,9.63,2026-07-23,30
Cirrus,Assassin,114,C,50.84%,0.19%,0.00%,47.59%,52.04%,55.47%,"64,571",5.61,"1,465","19,394",5.27,0.73,5.85,2026-07-23,30
Dharma,Fighter/Tank,115,C,50.91%,0.18%,0.02%,56.13%,52.91%,56.48%,"62,053",3.87,"1,225","21,468",5.89,0.6,4.63,2026-07-23,30
Athena,Fighter/Assassin,116,C,54.21%,0.06%,0.00%,53.18%,52.50%,48.60%,"78,836",5.43,"1,427","18,124",5.48,0.7,6.06,2026-07-23,30
Li Xin,Fighter,1,S,53.87%,2.57%,3.93%,45.89%,46.39%,49.64%,"73,946",3.87,"1,489","20,123",3.74,1.73,14.59,2026-07-30,31
Daji,Mage,2,S,51.43%,2.49%,2.97%,42.62%,49.81%,52.32%,"88,817",4.71,959,"13,543",6.48,0.26,2.02,2026-07-30,31
Augran,Fighter,3,S,49.82%,1.49%,4.87%,46.41%,47.76%,47.96%,"88,770",7.33,"1,419","20,773",3.92,0.64,5.29,2026-07-30,31
Angela,Mage,4,S,51.76%,2.51%,2.33%,46.38%,48.54%,48.94%,"85,417",5.12,880,"17,880",5.89,0.38,3.12,2026-07-30,31
Ao'yin,Marksman,5,S,47.80%,1.77%,2.87%,52.85%,48.40%,50.69%,"93,418",4.85,"1,019","21,033",6.04,1.16,9.66,2026-07-30,31
Florentino,Fighter,6,S,51.74%,0.50%,5.28%,54.96%,54.36%,51.23%,"77,977",5.28,"1,426","19,491",4.69,0.54,4.4,2026-07-30,31
Liang,Mage,7,S,50.12%,0.76%,4.35%,45.28%,50.36%,46.58%,"61,233",2.5,"1,143","17,137",10.34,0.27,2.06,2026-07-30,31
Hou Yi,Marksman,8,S,49.95%,2.85%,0.15%,45.51%,49.81%,52.96%,"88,563",4.77,898,"14,923",6.49,1.24,10.77,2026-07-30,31
Milady,Mage,9,S,48.18%,1.92%,1.53%,48.57%,42.68%,44.05%,"83,121",2.98,"1,252","11,905",5.98,1.6,16.93,2026-07-30,31
Wang Zhaojun,Mage,10,S,51.19%,2.01%,0.53%,50.48%,49.27%,49.66%,"78,429",3.31,532,"18,708",9.41,0.35,2.71,2026-07-30,31
Luban No.7,Marksman,11,S,51.37%,2.07%,0.24%,44.97%,47.59%,52.06%,"105,110",5.09,812,"14,374",6.8,1.27,11.51,2026-07-30,31
Cai Yan,Support,12,A,50.45%,1.24%,1.70%,49.89%,48.30%,47.59%,"28,305",0.76,115,"31,047",11.91,0.29,2.36,2026-07-30,31
Haya,Mage,13,A,49.14%,0.97%,2.02%,52.52%,50.20%,50.63%,"80,955",5.09,935,"19,777",5.5,0.31,2.65,2026-07-30,31
Dun,Tank/Fighter,14,A,53.10%,1.72%,0.41%,46.04%,47.83%,45.79%,"72,488",3.6,"1,155","33,848",6.9,0.59,4.63,2026-07-30,31
Marco Polo,Marksman,15,A,49.30%,1.79%,0.26%,46.24%,47.27%,47.78%,"95,327",5.95,"1,373","18,531",5.59,1.02,8.01,2026-07-30,31
Dolia,Support,16,A,45.90%,1.70%,0.43%,47.36%,47.64%,47.99%,"39,899",1.09,232,"30,817",12.76,0.25,2.01,2026-07-30,31
Mozi,Mage/Fighter,17,A,49.37%,1.45%,0.90%,49.60%,49.66%,50.31%,"63,141",2.06,923,"24,080",10.54,0.38,3.02,2026-07-30,31
Erin,Marksman,18,A,51.54%,1.79%,0.19%,51.99%,51.17%,44.98%,"105,970",5.83,"1,229","17,436",5.87,1.28,11.2,2026-07-30,31
Chicha,Fighter,19,A,50.95%,1.56%,0.45%,52.96%,51.57%,50.12%,"82,319",5.57,"1,405","19,865",4.73,0.91,7.79,2026-07-30,31
Xiao Qiao,Mage,20,A,48.57%,1.68%,0.14%,50.31%,49.10%,49.14%,"90,032",4.24,688,"14,432",6.84,0.27,2.19,2026-07-30,31
Donghuang,Support/Tank,21,A,48.59%,0.75%,1.97%,45.33%,48.04%,51.30%,"64,539",3.07,809,"26,589",9.6,0.27,2.06,2026-07-30,31
Consort Yu,Marksman,22,A,51.58%,1.58%,0.19%,45.80%,50.14%,53.70%,"96,518",5.22,940,"16,262",5.82,1.32,11.5,2026-07-30,31
Lorion,Mage,23,A,51.28%,0.60%,2.14%,54.67%,53.35%,50.52%,"101,766",4.27,"1,083","15,976",7.41,0.31,2.53,2026-07-30,31
Wukong,Assassin,24,A,50.12%,1.49%,0.36%,46.43%,48.85%,50.19%,"70,134",6.31,"1,538","19,455",4.27,0.61,5.44,2026-07-30,31
Yaria,Support,25,A,48.11%,1.04%,1.19%,51.07%,52.63%,49.40%,"36,320",1.25,357,"18,467",12.24,0.13,1.0,2026-07-30,31
Lady Sun,Marksman,26,A,48.38%,1.56%,0.07%,50.08%,46.15%,45.49%,"93,698",5.32,"1,116","17,374",5.43,1.36,12.43,2026-07-30,31
Kaizer,Fighter/Tank,27,A,50.66%,1.52%,0.14%,48.51%,51.96%,50.58%,"73,883",5.1,"1,393","20,624",4.78,0.73,6.13,2026-07-30,31
Garo,Marksman,28,A,53.77%,1.39%,0.26%,44.64%,51.49%,54.35%,"101,193",5.83,838,"15,217",6.14,1.24,10.99,2026-07-30,31
Luara,Marksman,29,A,53.14%,1.45%,0.13%,45.66%,51.26%,54.58%,"99,544",5.68,968,"15,304",6.01,1.29,11.47,2026-07-30,31
Arthur,Fighter/Tank,30,A,49.55%,1.42%,0.11%,42.54%,49.49%,50.87%,"70,745",4.05,"1,155","28,431",6.35,0.54,4.53,2026-07-30,31
Nuwa,Mage,31,A,53.27%,1.14%,0.62%,53.83%,53.18%,52.26%,"98,541",4.0,621,"15,592",8.32,0.24,1.84,2026-07-30,31
Kongming,Mage,32,A,49.88%,1.32%,0.21%,52.87%,50.55%,50.45%,"100,330",6.0,"1,433","18,394",5.6,0.28,2.27,2026-07-30,31
Lam,Assassin/Fighter,33,A,48.31%,1.18%,0.47%,43.28%,47.02%,48.70%,"72,828",6.73,"1,538","18,594",4.49,0.46,3.96,2026-07-30,31
Devara,Fighter/Mage,34,A,48.58%,1.25%,0.32%,55.49%,51.84%,51.13%,"74,540",3.35,"1,422","26,448",5.21,0.97,8.57,2026-07-30,31
Dyadia,Support/Mage,35,B,47.99%,0.97%,0.83%,52.45%,50.36%,48.60%,"40,808",1.81,169,"21,430",11.53,0.21,1.76,2026-07-30,31
Mi Yue,Mage/Fighter,36,B,51.12%,0.89%,0.80%,55.30%,51.15%,46.02%,"78,019",4.44,"1,354","20,986",4.28,1.17,9.51,2026-07-30,31
Dian Wei,Fighter,37,B,51.87%,1.09%,0.31%,45.56%,49.22%,49.19%,"78,372",6.21,"1,476","19,150",4.93,0.7,6.25,2026-07-30,31
Lian Po,Tank,38,B,52.44%,1.17%,0.14%,50.54%,50.42%,51.64%,"60,282",2.45,980,"34,247",9.91,0.49,3.75,2026-07-30,31
Zhuangzi,Support/Tank,39,B,48.87%,0.67%,0.98%,42.76%,49.04%,53.24%,"45,242",1.5,906,"38,902",11.53,0.19,1.36,2026-07-30,31
Lu Bu,Fighter/Tank,40,B,48.75%,1.07%,0.15%,44.52%,47.62%,48.20%,"76,182",4.23,"1,187","22,052",6.1,0.54,4.07,2026-07-30,31
Musashi,Fighter/Assassin,41,B,50.01%,0.98%,0.17%,40.01%,48.98%,50.69%,"64,436",5.58,"1,442","19,015",5.13,0.48,4.29,2026-07-30,31
Kui,Support/Mage,42,B,49.91%,0.87%,0.37%,48.98%,48.86%,47.10%,"48,610",2.65,323,"23,329",12.0,0.14,0.97,2026-07-30,31
Flowborn (Marksman),Marksman,43,B,51.74%,1.02%,0.05%,54.84%,50.98%,50.35%,"103,121",4.79,942,"18,838",5.85,1.4,12.73,2026-07-30,31
Da Qiao,Support/Mage,44,B,48.91%,0.84%,0.39%,53.28%,49.12%,49.16%,"68,539",1.84,540,"25,850",12.1,0.29,2.17,2026-07-30,31
Zhang Fei,Support/Tank,45,B,48.37%,0.90%,0.23%,49.94%,51.05%,49.32%,"36,890",1.57,892,"40,615",11.04,0.21,1.63,2026-07-30,31
Alessio,Marksman,46,B,52.02%,0.96%,0.03%,49.30%,52.03%,51.02%,"103,522",5.13,959,"16,531",6.36,1.38,12.81,2026-07-30,31
Lady Zhen,Mage,47,B,50.21%,0.94%,0.04%,47.13%,48.56%,46.02%,"95,798",3.12,666,"16,387",8.41,0.24,1.89,2026-07-30,31
Zilong,Fighter/Assassin,48,B,51.86%,0.91%,0.03%,51.36%,51.94%,50.66%,"70,956",5.58,"1,456","20,905",5.48,0.51,4.27,2026-07-30,31
Liu Shan,Support/Tank,49,B,49.71%,0.87%,0.10%,46.37%,48.64%,50.69%,"42,517",2.04,506,"29,710",9.26,1.28,12.08,2026-07-30,31
Shouyue,Marksman/Assassin,50,B,50.12%,0.87%,0.10%,45.28%,51.20%,53.74%,"98,650",4.32,"1,107","17,016",6.48,1.09,9.2,2026-07-30,31
Fang,Marksman,51,B,50.21%,0.90%,0.03%,50.65%,46.88%,49.19%,"87,935",5.71,"1,470","15,998",6.55,1.15,9.98,2026-07-30,31
Arke,Assassin,52,B,51.35%,0.53%,0.70%,46.76%,51.51%,52.47%,"67,073",6.83,"1,390","19,083",4.69,0.44,3.89,2026-07-30,31
Biron,Fighter/Tank,53,B,47.28%,0.85%,0.07%,48.63%,47.68%,47.26%,"66,181",2.85,"1,102","29,155",5.94,0.64,5.28,2026-07-30,31
Sun Ce,Fighter/Tank,54,B,48.54%,0.86%,0.03%,46.79%,47.49%,47.77%,"65,428",4.79,"1,290","17,483",8.07,0.51,4.01,2026-07-30,31
Di Renjie,Marksman,55,B,51.60%,0.84%,0.02%,49.66%,49.76%,45.35%,"96,489",4.7,890,"18,251",6.57,1.4,12.77,2026-07-30,31
Heino,Mage/Fighter,56,B,47.70%,0.77%,0.13%,46.78%,44.45%,45.55%,"103,262",2.82,"1,014","35,411",6.42,0.46,3.67,2026-07-30,31
Changgong,Assassin,57,B,49.37%,0.52%,0.60%,41.18%,46.40%,53.18%,"67,672",6.63,"1,291","15,030",5.9,0.33,2.66,2026-07-30,31
Garuda,Mage,58,B,51.31%,0.77%,0.03%,49.91%,51.79%,53.42%,"96,153",3.95,"1,031","20,202",6.85,0.53,4.77,2026-07-30,31
Arli,Marksman,59,B,46.47%,0.66%,0.25%,48.24%,50.18%,49.60%,"85,832",5.26,"1,521","17,237",5.03,1.04,8.93,2026-07-30,31
Ziya,Mage,60,B,50.37%,0.74%,0.07%,46.10%,46.54%,52.23%,"92,101",3.15,762,"15,733",8.35,0.33,3.14,2026-07-30,31
Xiang Yu,Tank/Fighter,61,B,50.84%,0.73%,0.04%,44.51%,48.02%,50.48%,"70,504",3.64,"1,078","21,509",7.18,0.5,3.9,2026-07-30,31
Ying,Fighter/Assassin,62,B,53.37%,0.71%,0.05%,51.66%,51.69%,49.97%,"81,332",5.3,"1,430","21,013",6.4,0.59,5.09,2026-07-30,31
Sima Yi,Assassin/Mage,63,B,53.15%,0.67%,0.13%,48.03%,50.24%,53.88%,"80,480",7.26,"1,478","18,038",5.31,0.62,5.5,2026-07-30,31
Butterfly,Fighter,64,B,51.83%,0.69%,0.09%,49.47%,48.37%,43.37%,"77,998",6.68,"1,479","22,315",4.68,0.52,4.22,2026-07-30,31
Shi,Mage,65,B,51.55%,0.59%,0.27%,56.23%,51.96%,48.77%,"83,875",3.2,765,"17,249",9.16,0.25,1.94,2026-07-30,31
Charlotte,Fighter,66,B,49.32%,0.69%,0.05%,53.22%,50.81%,49.48%,"80,288",4.33,"1,249","20,981",5.21,0.57,4.71,2026-07-30,31
Chano,Marksman,67,B,50.28%,0.66%,0.07%,53.08%,55.13%,55.48%,"96,349",5.19,"1,240","16,086",5.86,1.19,10.84,2026-07-30,31
Diaochan,Mage,68,B,48.17%,0.66%,0.07%,43.46%,49.42%,49.29%,"90,534",4.63,"1,198","18,683",5.53,0.29,2.38,2026-07-30,31
Mai Shiranui,Assassin/Mage,69,B,48.05%,0.63%,0.11%,56.25%,49.35%,48.76%,"80,710",4.29,"1,229","18,206",6.41,0.26,2.19,2026-07-30,31
Feyd,Assassin,70,C,53.47%,0.58%,0.17%,57.54%,55.87%,54.96%,"79,549",7.2,"1,515","20,093",4.29,0.74,6.83,2026-07-30,31
Umbrosa,Fighter,71,C,49.61%,0.65%,0.04%,53.29%,51.68%,48.80%,"79,297",4.12,"1,321","26,453",4.94,1.17,9.99,2026-07-30,31
Yixing,Mage,72,C,51.17%,0.63%,0.03%,46.81%,51.60%,48.83%,"80,631",3.45,783,"21,012",10.09,0.36,2.97,2026-07-30,31
Allain,Fighter,73,C,50.15%,0.62%,0.03%,47.01%,49.05%,53.22%,"77,091",5.17,"1,153","22,429",4.85,0.48,3.55,2026-07-30,31
Li Bai,Assassin,74,C,51.44%,0.55%,0.16%,46.61%,48.90%,49.84%,"83,022",5.04,"1,466","17,678",5.48,0.54,4.59,2026-07-30,31
Luna,Fighter/Mage,75,C,46.56%,0.54%,0.19%,50.10%,50.09%,48.59%,"76,963",4.92,"1,549","23,889",5.3,0.45,4.16,2026-07-30,31
Annette,Support/Mage,76,C,49.34%,0.48%,0.29%,47.67%,49.62%,47.70%,"61,063",1.38,345,"28,945",11.32,0.25,1.86,2026-07-30,31
Flowborn (Tank),Tank/Fighter,77,C,48.46%,0.57%,0.06%,48.25%,48.45%,45.13%,"65,804",3.44,"1,117","28,975",5.67,0.66,5.3,2026-07-30,31
Dr Bian,Mage,78,C,49.80%,0.54%,0.09%,48.81%,47.31%,43.98%,"76,692",3.21,"1,024","22,218",9.2,0.35,3.0,2026-07-30,31
Ata,Tank,79,C,52.56%,0.56%,0.04%,51.50%,50.68%,48.93%,"71,311",3.58,"1,240","42,498",6.36,0.53,4.18,2026-07-30,31
Nakoruru,Assassin,80,C,50.93%,0.53%,0.05%,46.63%,48.86%,50.27%,"74,571",6.92,"1,489","16,765",4.66,0.42,3.5,2026-07-30,31
Meng Ya,Marksman,81,C,54.24%,0.51%,0.01%,54.94%,53.42%,45.66%,"106,903",5.47,"1,149","17,486",6.39,1.29,11.58,2026-07-30,31
Sakeer,Support/Mage,82,C,53.57%,0.50%,0.02%,55.79%,51.72%,49.14%,"51,517",2.02,714,"24,857",12.3,0.22,1.51,2026-07-30,31
Yao,Fighter/Assassin,83,C,50.83%,0.48%,0.03%,49.60%,50.99%,50.92%,"77,266",5.11,"1,549","22,049",4.84,0.57,4.61,2026-07-30,31
Flowborn (Mage),Mage,84,C,51.40%,0.47%,0.04%,48.56%,51.79%,53.77%,"96,502",4.55,791,"15,195",6.93,0.35,2.77,2026-07-30,31
Gan & Mo,Mage,85,C,49.75%,0.44%,0.08%,53.79%,49.36%,51.23%,"103,957",3.91,"1,516","15,270",6.15,0.26,1.86,2026-07-30,31
Ming,Support,86,C,50.73%,0.46%,0.03%,44.75%,48.24%,50.59%,"31,110",1.63,642,"22,595",11.84,0.34,3.29,2026-07-30,31
Huang Zhong,Marksman,87,C,51.07%,0.46%,0.01%,46.79%,49.15%,52.39%,"99,515",4.89,"1,039","16,937",5.91,1.27,11.94,2026-07-30,31
Zhou Yu,Mage,88,C,51.67%,0.45%,0.01%,53.66%,48.84%,47.97%,"98,573",3.61,"1,185","16,411",7.98,0.67,7.25,2026-07-30,31
Gao,Mage,89,C,50.85%,0.43%,0.04%,48.96%,48.21%,51.06%,"98,308",5.67,"1,104","17,861",6.3,0.5,4.6,2026-07-30,31
Agudo,Marksman,90,C,51.60%,0.43%,0.03%,58.19%,49.25%,47.78%,"79,711",5.1,"1,464","32,871",5.98,1.28,12.51,2026-07-30,31
Wuyan,Fighter/Tank,91,C,50.86%,0.42%,0.03%,49.92%,49.43%,45.30%,"72,283",4.11,"1,313","26,879",5.51,0.72,5.9,2026-07-30,31
Shangguan,Mage/Assassin,92,C,48.47%,0.41%,0.05%,49.48%,49.15%,50.16%,"85,843",5.55,"1,212","15,156",5.62,0.46,4.04,2026-07-30,31
Fuzi,Fighter,93,C,51.50%,0.40%,0.05%,50.98%,54.33%,55.39%,"57,388",3.32,"1,176","17,434",5.26,1.21,9.59,2026-07-30,31
Yuhuan,Mage,94,C,49.73%,0.42%,0.01%,56.95%,52.54%,49.09%,"65,827",2.75,"1,355","24,718",9.91,0.4,3.62,2026-07-30,31
Nezha,Fighter/Tank,95,C,51.81%,0.40%,0.04%,42.27%,52.28%,54.59%,"79,312",5.74,"1,385","21,931",7.53,0.33,2.59,2026-07-30,31
Mayene,Fighter,96,C,47.03%,0.39%,0.05%,47.41%,48.68%,51.21%,"65,065",4.81,"1,101","18,263",4.62,0.53,4.01,2026-07-30,31
Guan Yu,Fighter,97,C,46.41%,0.36%,0.09%,51.36%,50.35%,50.36%,"62,983",4.22,"1,122","19,963",6.08,0.37,2.79,2026-07-30,31
Fatih,Fighter,98,C,50.70%,0.36%,0.07%,54.49%,52.78%,51.89%,"80,441",4.39,"1,371","24,079",5.54,0.78,6.98,2026-07-30,31
Yang Jian,Fighter,99,C,50.40%,0.37%,0.03%,53.22%,51.20%,49.18%,"80,743",5.1,"1,423","23,429",5.39,0.46,3.77,2026-07-30,31
Bai Qi,Tank,100,C,50.91%,0.35%,0.04%,46.90%,50.40%,48.03%,"58,322",3.8,"1,093","36,507",6.59,0.34,2.28,2026-07-30,31
Lapulapu,Support/Tank,101,C,54.76%,0.35%,0.02%,58.75%,56.70%,54.99%,"46,298",1.59,843,"28,152",12.27,0.16,1.19,2026-07-30,31
Ukyo Tachibana,Assassin/Fighter,102,C,50.13%,0.36%,0.02%,50.49%,48.53%,49.51%,"73,573",4.57,"1,464","21,420",5.04,0.81,6.81,2026-07-30,31
Guiguzi,Support,103,C,52.43%,0.22%,0.28%,55.43%,54.61%,52.16%,"45,095",1.84,191,"22,714",13.91,0.17,1.47,2026-07-30,31
Yango,Assassin,104,C,48.15%,0.33%,0.05%,53.04%,48.87%,50.65%,"77,152",3.97,"1,248","17,161",5.94,0.64,5.1,2026-07-30,31
Mulan,Fighter/Assassin,105,C,50.40%,0.33%,0.03%,54.77%,51.53%,51.82%,"73,989",4.42,"1,301","16,132",4.95,0.67,5.21,2026-07-30,31
Jing,Assassin,106,C,45.78%,0.30%,0.10%,50.73%,48.95%,51.19%,"66,475",5.12,"1,555","20,587",4.6,0.58,5.43,2026-07-30,31
Sun Bin,Support/Mage,107,C,48.87%,0.33%,0.03%,51.69%,51.76%,50.52%,"51,958",1.68,935,"28,644",11.8,0.25,1.95,2026-07-30,31
Liu Bei,Fighter,108,C,51.74%,0.32%,0.04%,45.04%,50.78%,49.47%,"69,542",5.77,"1,530","23,646",4.34,0.82,7.42,2026-07-30,31
Liu Bang,Tank/Mage,109,C,49.91%,0.32%,0.03%,50.31%,50.48%,53.01%,"56,530",3.7,"1,103","28,695",9.23,0.4,3.64,2026-07-30,31
Han Xin,Assassin,110,C,49.09%,0.27%,0.05%,46.91%,47.43%,50.39%,"63,211",4.75,"1,604","20,487",4.52,1.09,9.56,2026-07-30,31
Pei,Assassin,111,C,51.14%,0.23%,0.06%,64.24%,51.71%,48.09%,"71,887",5.44,"1,596","23,537",5.04,1.11,9.97,2026-07-30,31
Menki,Fighter/Mage,112,C,53.81%,0.23%,0.01%,62.32%,57.33%,52.98%,"75,290",4.18,"1,365","30,556",6.32,0.77,6.69,2026-07-30,31
Xuance,Assassin,113,C,52.32%,0.21%,0.03%,57.22%,52.26%,51.44%,"64,129",5.96,"1,630","17,065",5.18,1.0,9.41,2026-07-30,31
Cirrus,Assassin,114,C,51.27%,0.20%,0.01%,45.64%,50.56%,53.26%,"64,202",5.6,"1,468","19,408",5.23,0.72,5.82,2026-07-30,31
Dharma,Fighter/Tank,115,C,51.11%,0.18%,0.02%,57.22%,51.74%,51.56%,"62,583",3.92,"1,221","21,463",5.89,0.6,4.63,2026-07-30,31
Athena,Fighter/Assassin,116,C,53.66%,0.07%,0.00%,55.95%,55.32%,53.66%,"79,062",5.46,"1,426","18,262",5.46,0.72,6.18,2026-07-30,31
Li Xin,Fighter,1,S,53.83%,2.66%,3.23%,44.71%,45.39%,49.51%,"73,941",3.93,"1,483","20,187",3.68,1.76,14.82,2026-08-06,32
Ao'yin,Marksman,2,S,48.53%,1.86%,4.11%,52.82%,49.37%,51.02%,"93,027",4.92,"1,028","20,794",6.04,1.18,9.97,2026-08-06,32
Daji,Mage,3,S,51.35%,2.64%,2.41%,40.91%,49.44%,50.58%,"88,469",4.75,969,"13,439",6.42,0.26,2.04,2026-08-06,32
Augran,Fighter,4,S,49.27%,1.66%,4.09%,46.53%,48.29%,48.31%,"88,156",7.35,"1,394","20,501",3.87,0.64,5.3,2026-08-06,32
Angela,Mage,5,S,51.85%,2.75%,1.46%,45.16%,48.44%,50.16%,"85,325",5.2,856,"17,724",5.84,0.39,3.17,2026-08-06,32
Hou Yi,Marksman,6,S,49.82%,2.86%,0.17%,43.85%,49.64%,52.20%,"89,034",4.94,856,"14,875",6.45,1.25,10.82,2026-08-06,32
Milady,Mage,7,S,47.91%,1.79%,1.92%,49.00%,43.21%,44.47%,"82,925",3.03,"1,281","11,870",5.93,1.6,16.96,2026-08-06,32
Liang,Mage,8,S,50.53%,0.80%,3.72%,44.64%,50.44%,53.40%,"61,634",2.55,"1,006","17,220",10.39,0.27,2.08,2026-08-06,32
Cai Yan,Support,9,S,51.26%,1.28%,2.58%,48.20%,49.51%,48.46%,"28,629",0.79,87,"31,322",12.0,0.29,2.39,2026-08-06,32
Wang Zhaojun,Mage,10,S,51.80%,2.01%,0.74%,49.39%,48.97%,48.79%,"79,428",3.4,490,"18,697",9.5,0.36,2.73,2026-08-06,32
Mozi,Mage/Fighter,11,S,49.64%,1.64%,1.38%,49.45%,49.57%,47.97%,"64,041",2.14,921,"24,258",10.55,0.38,3.06,2026-08-06,32
Luban No.7,Marksman,12,A,51.26%,2.01%,0.36%,46.41%,46.17%,49.34%,"104,986",5.2,794,"14,353",6.75,1.28,11.6,2026-08-06,32
Lam,Assassin/Fighter,13,A,48.11%,1.62%,0.92%,43.82%,47.63%,48.69%,"73,385",6.9,"1,549","18,677",4.5,0.46,3.98,2026-08-06,32
Haya,Mage,14,A,49.23%,1.02%,2.02%,54.14%,51.98%,50.36%,"81,491",5.18,962,"19,727",5.52,0.31,2.66,2026-08-06,32
Dolia,Support,15,A,46.54%,1.72%,0.62%,46.62%,48.39%,48.62%,"40,160",1.13,316,"31,032",12.88,0.26,2.06,2026-08-06,32
Erin,Marksman,16,A,51.49%,1.84%,0.22%,53.41%,50.08%,45.82%,"105,674",5.97,"1,185","17,341",5.82,1.29,11.28,2026-08-06,32
Donghuang,Support/Tank,17,A,49.15%,0.72%,2.43%,43.14%,49.14%,48.23%,"64,688",3.13,675,"26,633",9.71,0.28,2.08,2026-08-06,32
Marco Polo,Marksman,18,A,49.07%,1.77%,0.29%,45.37%,48.96%,47.15%,"94,910",6.07,"1,387","18,393",5.55,1.03,8.08,2026-08-06,32
Florentino,Fighter,19,A,52.03%,0.66%,2.28%,56.70%,54.85%,51.30%,"78,961",5.44,"1,417","19,807",4.66,0.55,4.47,2026-08-06,32
Dun,Tank/Fighter,20,A,52.40%,1.52%,0.54%,43.16%,47.56%,49.07%,"71,743",3.59,"1,132","33,681",6.84,0.59,4.6,2026-08-06,32
Yaria,Support,21,A,48.97%,1.01%,1.54%,55.10%,53.56%,46.48%,"36,587",1.29,429,"18,491",12.39,0.13,1.02,2026-08-06,32
Xiao Qiao,Mage,22,A,48.37%,1.62%,0.24%,49.04%,49.73%,49.77%,"90,331",4.33,762,"14,424",6.86,0.27,2.2,2026-08-06,32
Chicha,Fighter,23,A,51.17%,1.47%,0.40%,53.39%,52.48%,51.15%,"82,927",5.7,"1,392","19,948",4.72,0.92,7.89,2026-08-06,32
Consort Yu,Marksman,24,A,51.47%,1.52%,0.21%,44.47%,50.30%,51.36%,"96,278",5.32,906,"16,126",5.77,1.32,11.53,2026-08-06,32
Luara,Marksman,25,A,52.96%,1.51%,0.16%,44.59%,50.67%,52.08%,"99,551",5.81,994,"15,225",5.96,1.3,11.54,2026-08-06,32
Wukong,Assassin,26,A,49.29%,1.32%,0.52%,46.69%,48.88%,50.09%,"69,877",6.36,"1,531","19,325",4.24,0.6,5.41,2026-08-06,32
Lady Sun,Marksman,27,A,48.28%,1.54%,0.07%,48.65%,47.07%,49.32%,"93,920",5.48,"1,120","17,255",5.42,1.35,12.45,2026-08-06,32
Garo,Marksman,28,A,53.55%,1.38%,0.36%,45.23%,49.78%,52.54%,"100,920",5.94,861,"15,104",6.1,1.24,11.01,2026-08-06,32
Dyadia,Support/Mage,29,A,48.34%,0.97%,1.11%,53.52%,51.33%,49.46%,"41,098",1.86,221,"21,502",11.66,0.21,1.78,2026-08-06,32
Arthur,Fighter/Tank,30,A,48.43%,1.42%,0.14%,46.36%,49.58%,51.52%,"68,821",4.0,"1,153","27,857",6.33,0.52,4.32,2026-08-06,32
Kaizer,Fighter/Tank,31,A,50.33%,1.40%,0.14%,47.47%,50.74%,51.45%,"73,977",5.16,"1,380","20,486",4.73,0.73,6.13,2026-08-06,32
Kongming,Mage,32,A,49.95%,1.26%,0.34%,51.79%,50.83%,49.32%,"100,654",6.07,"1,430","18,404",5.58,0.28,2.3,2026-08-06,32
Mi Yue,Mage/Fighter,33,A,51.44%,0.85%,1.11%,52.91%,50.19%,45.88%,"77,962",4.56,"1,339","21,073",4.24,1.18,9.58,2026-08-06,32
Nuwa,Mage,34,A,53.87%,1.02%,0.67%,53.79%,53.35%,54.04%,"98,912",4.11,755,"15,611",8.35,0.24,1.86,2026-08-06,32
Devara,Fighter/Mage,35,B,48.86%,1.20%,0.33%,54.85%,51.50%,49.88%,"74,993",3.47,"1,390","26,614",5.18,0.98,8.72,2026-08-06,32
Dian Wei,Fighter,36,B,50.93%,0.99%,0.52%,41.50%,48.57%,45.64%,"78,381",6.3,"1,463","19,008",4.89,0.7,6.25,2026-08-06,32
Zhuangzi,Support/Tank,37,B,47.82%,0.62%,1.23%,38.34%,47.19%,51.04%,"45,311",1.53,"1,016","38,228",11.49,0.19,1.35,2026-08-06,32
Lian Po,Tank,38,B,52.08%,1.13%,0.15%,48.95%,49.63%,50.57%,"59,980",2.48,988,"33,711",9.91,0.5,3.77,2026-08-06,32
Lu Bu,Fighter/Tank,39,B,49.12%,1.04%,0.23%,43.17%,46.39%,48.43%,"76,663",4.37,"1,167","22,100",6.12,0.54,4.12,2026-08-06,32
Flowborn (Marksman),Marksman,40,B,51.42%,1.09%,0.05%,56.37%,52.13%,51.14%,"102,744",4.91,926,"18,711",5.81,1.39,12.7,2026-08-06,32
Lorion,Mage,41,B,51.65%,0.68%,0.85%,55.38%,51.90%,48.95%,"101,164",4.32,"1,115","15,947",7.5,0.31,2.51,2026-08-06,32
Kui,Support/Mage,42,B,50.13%,0.86%,0.48%,47.82%,49.12%,49.87%,"48,802",2.71,398,"23,392",12.08,0.14,0.98,2026-08-06,32
Zilong,Fighter/Assassin,43,B,53.40%,1.06%,0.06%,54.62%,53.59%,50.45%,"72,850",5.85,"1,464","21,061",5.49,0.53,4.51,2026-08-06,32
Musashi,Fighter/Assassin,44,B,49.28%,0.94%,0.27%,41.02%,47.42%,49.97%,"64,427",5.65,"1,433","18,912",5.08,0.47,4.27,2026-08-06,32
Da Qiao,Support/Mage,45,B,49.22%,0.84%,0.46%,50.71%,49.62%,51.47%,"68,631",1.9,479,"25,672",12.17,0.29,2.21,2026-08-06,32
Zhang Fei,Support/Tank,46,B,48.78%,0.83%,0.33%,51.18%,49.98%,51.44%,"36,681",1.59,901,"40,647",11.1,0.21,1.63,2026-08-06,32
Arke,Assassin,47,B,51.29%,0.51%,0.96%,46.97%,50.98%,52.76%,"67,192",6.94,"1,385","19,025",4.64,0.45,3.94,2026-08-06,32
Alessio,Marksman,48,B,51.70%,0.94%,0.03%,46.26%,49.84%,51.99%,"102,894",5.24,916,"16,416",6.31,1.37,12.85,2026-08-06,32
Shouyue,Marksman/Assassin,49,B,49.93%,0.91%,0.09%,48.07%,51.14%,54.42%,"98,026",4.41,"1,120","16,914",6.49,1.08,9.18,2026-08-06,32
Changgong,Assassin,50,B,48.91%,0.46%,0.98%,39.08%,45.66%,50.30%,"67,774",6.71,"1,283","15,065",5.9,0.32,2.67,2026-08-06,32
Lady Zhen,Mage,51,B,50.31%,0.91%,0.03%,48.30%,48.72%,45.29%,"95,621",3.17,556,"16,342",8.41,0.24,1.9,2026-08-06,32
Fang,Marksman,52,B,49.25%,0.89%,0.03%,49.91%,45.36%,43.65%,"87,434",5.74,"1,455","15,780",6.49,1.14,9.9,2026-08-06,32
Liu Shan,Support/Tank,53,B,50.09%,0.85%,0.09%,45.76%,47.59%,51.14%,"42,872",2.1,669,"29,933",9.32,1.28,12.11,2026-08-06,32
Biron,Fighter/Tank,54,B,47.79%,0.79%,0.13%,50.62%,49.13%,48.20%,"66,483",2.95,"1,042","28,856",5.92,0.65,5.35,2026-08-06,32
Garuda,Mage,55,B,51.17%,0.81%,0.03%,52.17%,50.58%,50.00%,"96,146",4.06,977,"20,176",6.86,0.53,4.78,2026-08-06,32
Di Renjie,Marksman,56,B,51.22%,0.81%,0.02%,49.02%,46.75%,47.11%,"95,916",4.8,922,"18,076",6.49,1.4,12.75,2026-08-06,32
Heino,Mage/Fighter,57,B,47.70%,0.75%,0.14%,47.64%,42.65%,45.83%,"103,751",2.93,942,"35,256",6.42,0.47,3.66,2026-08-06,32
Sun Ce,Fighter/Tank,58,B,48.46%,0.80%,0.03%,45.61%,46.33%,46.19%,"65,214",4.83,"1,273","17,410",8.01,0.52,4.08,2026-08-06,32
Li Bai,Assassin,59,B,51.41%,0.63%,0.34%,48.76%,49.06%,52.23%,"82,573",5.12,"1,453","17,583",5.47,0.54,4.58,2026-08-06,32
Arli,Marksman,60,B,46.40%,0.67%,0.27%,49.42%,50.23%,50.34%,"85,285",5.37,"1,472","17,127",4.99,1.05,9.02,2026-08-06,32
Chano,Marksman,61,B,50.24%,0.73%,0.07%,51.43%,53.86%,53.33%,"96,553",5.29,"1,224","16,101",5.84,1.19,10.89,2026-08-06,32
Ziya,Mage,62,B,50.85%,0.72%,0.07%,46.14%,46.61%,50.26%,"91,712",3.19,907,"15,703",8.34,0.33,3.17,2026-08-06,32
Ying,Fighter/Assassin,63,B,52.72%,0.72%,0.06%,52.93%,51.47%,50.57%,"81,367",5.41,"1,422","20,868",6.36,0.58,5.06,2026-08-06,32
Shi,Mage,64,B,51.34%,0.59%,0.30%,58.04%,51.88%,48.58%,"83,569",3.27,681,"17,159",9.18,0.25,1.96,2026-08-06,32
Charlotte,Fighter,65,B,49.70%,0.71%,0.05%,52.58%,51.52%,49.14%,"80,604",4.44,"1,252","21,074",5.23,0.58,4.75,2026-08-06,32
Umbrosa,Fighter,66,B,50.30%,0.70%,0.05%,56.82%,51.67%,51.28%,"80,154",4.26,"1,314","26,491",4.94,1.19,10.22,2026-08-06,32
Xiang Yu,Tank/Fighter,67,B,50.83%,0.70%,0.03%,45.54%,46.54%,49.56%,"70,958",3.73,"1,097","21,504",7.14,0.51,3.94,2026-08-06,32
Diaochan,Mage,68,B,48.39%,0.66%,0.07%,42.75%,48.48%,51.44%,"90,904",4.76,"1,178","18,628",5.53,0.3,2.39,2026-08-06,32
Mai Shiranui,Assassin/Mage,69,B,48.46%,0.63%,0.11%,57.53%,51.36%,49.78%,"80,620",4.36,"1,262","18,206",6.45,0.27,2.21,2026-08-06,32
Butterfly,Fighter,70,C,51.30%,0.62%,0.08%,49.86%,48.04%,46.36%,"77,589",6.73,"1,470","22,037",4.61,0.51,4.22,2026-08-06,32
Sima Yi,Assassin/Mage,71,C,52.81%,0.59%,0.12%,48.25%,51.72%,50.60%,"80,576",7.37,"1,466","18,001",5.26,0.62,5.54,2026-08-06,32
Luna,Fighter/Mage,72,C,46.96%,0.52%,0.23%,53.63%,48.99%,47.05%,"77,846",5.1,"1,550","24,075",5.28,0.47,4.28,2026-08-06,32
Yixing,Mage,73,C,51.07%,0.61%,0.03%,48.56%,49.00%,47.57%,"80,516",3.48,795,"20,811",10.11,0.36,2.98,2026-08-06,32
Feyd,Assassin,74,C,54.32%,0.52%,0.18%,59.75%,56.50%,56.08%,"81,367",7.47,"1,521","20,381",4.31,0.77,7.23,2026-08-06,32
Dr Bian,Mage,75,C,49.81%,0.53%,0.16%,50.41%,47.53%,47.66%,"77,276",3.28,998,"22,274",9.18,0.35,3.01,2026-08-06,32
Flowborn (Tank),Tank/Fighter,76,C,48.43%,0.58%,0.07%,47.78%,47.27%,50.75%,"65,940",3.53,"1,104","29,026",5.61,0.65,5.26,2026-08-06,32
Ata,Tank,77,C,52.78%,0.58%,0.04%,48.55%,48.59%,49.45%,"71,637",3.67,"1,228","42,359",6.33,0.54,4.27,2026-08-06,32
Allain,Fighter,78,C,50.46%,0.55%,0.03%,46.08%,48.75%,48.12%,"77,695",5.33,"1,191","22,517",4.84,0.48,3.56,2026-08-06,32
Wuyan,Fighter/Tank,79,C,51.47%,0.52%,0.05%,47.55%,47.15%,46.81%,"73,226",4.25,"1,317","27,156",5.55,0.71,5.79,2026-08-06,32
Nakoruru,Assassin,80,C,50.09%,0.50%,0.05%,44.38%,48.05%,51.31%,"74,543",6.99,"1,480","16,676",4.64,0.43,3.5,2026-08-06,32
Annette,Support/Mage,81,C,50.00%,0.45%,0.15%,50.20%,50.10%,50.91%,"61,982",1.44,280,"29,010",11.38,0.25,1.89,2026-08-06,32
Meng Ya,Marksman,82,C,54.19%,0.50%,0.01%,54.97%,53.32%,54.92%,"106,987",5.64,"1,161","17,426",6.34,1.31,11.7,2026-08-06,32
Sakeer,Support/Mage,83,C,53.77%,0.49%,0.02%,55.05%,51.55%,48.85%,"51,511",2.06,300,"24,831",12.36,0.22,1.55,2026-08-06,32
Agudo,Marksman,84,C,51.70%,0.46%,0.04%,56.91%,52.45%,49.71%,"79,792",5.2,"1,450","32,931",5.92,1.27,12.46,2026-08-06,32
Flowborn (Mage),Mage,85,C,51.29%,0.45%,0.04%,46.03%,50.37%,50.93%,"96,347",4.64,845,"15,107",6.9,0.35,2.8,2026-08-06,32
Gan & Mo,Mage,86,C,50.46%,0.43%,0.08%,53.41%,48.68%,51.70%,"103,855",4.02,"1,524","15,302",6.17,0.26,1.9,2026-08-06,32
Yang Jian,Fighter,87,C,50.21%,0.44%,0.05%,51.42%,51.14%,46.57%,"80,628",5.14,"1,419","23,190",5.39,0.47,3.84,2026-08-06,32
Ming,Support,88,C,50.95%,0.44%,0.02%,45.11%,51.00%,50.84%,"30,858",1.66,326,"22,625",11.87,0.34,3.3,2026-08-06,32
Gao,Mage,89,C,51.99%,0.42%,0.04%,44.71%,50.35%,50.28%,"99,116",5.83,992,"17,984",6.3,0.5,4.7,2026-08-06,32
Zhou Yu,Mage,90,C,52.16%,0.43%,0.01%,50.16%,48.42%,46.58%,"99,572",3.72,"1,122","16,290",7.98,0.67,7.26,2026-08-06,32
Huang Zhong,Marksman,91,C,50.53%,0.43%,0.01%,45.89%,47.73%,48.35%,"98,643",4.94,"1,039","16,813",5.88,1.25,11.85,2026-08-06,32
Yuhuan,Mage,92,C,50.27%,0.43%,0.01%,56.47%,52.56%,52.27%,"65,851",2.83,"1,363","24,625",10.03,0.4,3.61,2026-08-06,32
Yao,Fighter/Assassin,93,C,50.43%,0.42%,0.03%,50.54%,50.06%,51.18%,"77,515",5.25,"1,543","21,927",4.81,0.58,4.71,2026-08-06,32
Nezha,Fighter/Tank,94,C,51.82%,0.39%,0.04%,46.99%,52.33%,56.00%,"79,593",5.83,"1,365","21,800",7.5,0.34,2.64,2026-08-06,32
Guan Yu,Fighter,95,C,47.24%,0.37%,0.09%,51.22%,50.82%,47.95%,"63,574",4.36,"1,020","20,203",6.11,0.37,2.86,2026-08-06,32
Shangguan,Mage/Assassin,96,C,48.99%,0.39%,0.04%,51.95%,50.00%,48.99%,"85,666",5.63,"1,223","15,109",5.65,0.45,4.06,2026-08-06,32
Fuzi,Fighter,97,C,51.95%,0.38%,0.05%,52.57%,54.65%,56.78%,"57,721",3.44,"1,126","17,436",5.24,1.22,9.72,2026-08-06,32
Mayene,Fighter,98,C,47.44%,0.38%,0.05%,50.86%,50.60%,52.83%,"65,160",4.87,"1,068","18,363",4.58,0.53,4.08,2026-08-06,32
Lapulapu,Support/Tank,99,C,54.49%,0.37%,0.02%,51.84%,52.52%,52.65%,"46,716",1.67,977,"28,324",12.26,0.17,1.2,2026-08-06,32
Fatih,Fighter,100,C,50.68%,0.35%,0.06%,51.34%,53.25%,53.66%,"80,164",4.42,"1,361","24,107",5.55,0.78,6.95,2026-08-06,32
Ukyo Tachibana,Assassin/Fighter,101,C,48.59%,0.37%,0.02%,51.20%,49.34%,50.51%,"73,060",4.62,"1,454","21,319",5.01,0.79,6.65,2026-08-06,32
Guiguzi,Support,102,C,52.36%,0.21%,0.33%,54.02%,55.53%,54.12%,"45,250",1.89,579,"22,664",13.98,0.17,1.48,2026-08-06,32
Bai Qi,Tank,103,C,50.80%,0.35%,0.05%,51.25%,49.64%,49.34%,"58,610",3.82,"1,085","36,458",6.59,0.33,2.28,2026-08-06,32
Mulan,Fighter/Assassin,104,C,49.35%,0.36%,0.02%,50.68%,49.44%,48.77%,"73,789",4.47,"1,287","16,024",4.94,0.67,5.23,2026-08-06,32
Jing,Assassin,105,C,46.01%,0.31%,0.13%,52.08%,49.07%,53.00%,"67,574",5.32,"1,551","20,707",4.64,0.58,5.49,2026-08-06,32
Sun Bin,Support/Mage,106,C,49.52%,0.33%,0.02%,55.01%,49.42%,51.07%,"51,966",1.74,958,"28,861",11.88,0.25,1.99,2026-08-06,32
Yango,Assassin,107,C,48.76%,0.31%,0.05%,54.59%,50.33%,50.18%,"77,182",4.05,"1,212","17,140",5.96,0.65,5.19,2026-08-06,32
Liu Bei,Fighter,108,C,50.97%,0.29%,0.03%,41.00%,51.03%,51.13%,"69,417",5.89,"1,530","23,649",4.28,0.83,7.53,2026-08-06,32
Pei,Assassin,109,C,50.93%,0.25%,0.06%,62.17%,52.67%,49.24%,"71,352",5.53,"1,584","23,295",5.01,1.1,10.02,2026-08-06,32
Liu Bang,Tank/Mage,110,C,50.73%,0.27%,0.02%,51.75%,51.47%,48.49%,"56,554",3.8,"1,064","29,206",9.37,0.4,3.69,2026-08-06,32
Han Xin,Assassin,111,C,48.45%,0.25%,0.04%,44.64%,48.50%,51.52%,"62,933",4.84,"1,592","20,368",4.45,1.09,9.66,2026-08-06,32
Menki,Fighter/Mage,112,C,52.70%,0.22%,0.02%,56.04%,53.80%,47.65%,"74,960",4.23,"1,353","30,063",6.29,0.74,6.53,2026-08-06,32
Xuance,Assassin,113,C,52.59%,0.20%,0.03%,60.67%,52.70%,49.67%,"64,318",6.1,"1,629","17,121",5.14,1.0,9.59,2026-08-06,32
Dharma,Fighter/Tank,114,C,50.96%,0.19%,0.02%,56.67%,54.38%,52.35%,"61,990",3.94,"1,210","21,548",5.92,0.6,4.6,2026-08-06,32
Cirrus,Assassin,115,C,51.17%,0.19%,0.01%,43.80%,53.29%,54.68%,"64,467",5.74,"1,458","19,281",5.21,0.73,5.9,2026-08-06,32
Athena,Fighter/Assassin,116,C,54.17%,0.06%,0.00%,42.86%,54.37%,52.27%,"78,636",5.58,"1,433","18,180",5.4,0.72,6.35,2026-08-06,32
